ID,label
Donald J. Trump,Donald J. Trump
Diamond And Silk,Diamond And Silk
Conservative Values,Conservative Values
Conservative Renaissance,Conservative Renaissance
Trump 2020,Trump 2020
Mike Pence,Mike Pence
Team Trump,Team Trump
Red Symposium,Red Symposium
幫港出聲 Silent Majority,幫港出聲 Silent Majority
Minnesota Gun Rights,Minnesota Gun Rights
The Committee to Defend the President,The Committee to Defend the President
Women for Trump,Women for Trump
LEXIT,LEXIT
Sid Miller,Sid Miller
The Hispanic Conservative,The Hispanic Conservative
QCN,QCN
Bill O'Reilly fan group,Bill O'Reilly fan group
Team Trump 2020,Team Trump 2020
Cowboys For Trump,Cowboys For Trump
QAnon Great Awakening,QAnon Great Awakening
Texas for Donald Trump 2020,Texas for Donald Trump 2020
Trump - People’s Grassroots National Campaign News,Trump - People’s Grassroots National Campaign News
HKG報 HKGpao,HKG報 HKGpao
"Trump ""The People's President""","Trump ""The People's President"""
Trump  In God We Trust,Trump  In God We Trust
Melania Trump America's First Lady,Melania Trump America's First Lady
Trump For President 2020,Trump For President 2020
Trump God and Guns,Trump God and Guns
Donald Trump 2020,Donald Trump 2020
Bàn Luận về Kinh Tế - Chính Trị,Bàn Luận về Kinh Tế - Chính Trị
Latinos for Trump,Latinos for Trump
North Carolina For Donald Trump,North Carolina For Donald Trump
Ohio For TRUMP,Ohio For TRUMP
Patriotic & Proud,Patriotic & Proud
We the People,We the People
Defend Trump-Defend Liberty,Defend Trump-Defend Liberty
STAND WITH TRUMP,STAND WITH TRUMP
USA For Trump,USA For Trump
South Dakota Republican Party,South Dakota Republican Party
Washington State for Trump,Washington State for Trump
Conservative Action Group  Inc,Conservative Action Group  Inc
Jack Posobiec,Jack Posobiec
Trump TV,Trump TV
President United States Fan Club,President United States Fan Club
Bikers for America,Bikers for America
Light Up Trump's Christmas Caboose,Light Up Trump's Christmas Caboose
Legal immigrants for Trump 2020 #KAG,Legal immigrants for Trump 2020 #KAG
Latinos For Trump,Latinos For Trump
The Trump Train,The Trump Train
Donald Trump For President 2020!!!!!!,Donald Trump For President 2020!!!!!!
Daily Callout,Daily Callout
Women for President Trump,Women for President Trump
Confederate,Confederate
We Are Q,We Are Q
Hidalgo County Young Republicans,Hidalgo County Young Republicans
Jan Morgan,Jan Morgan
Vote Trump 2020,Vote Trump 2020
Reload,Reload
Deplorables,Deplorables
Women for President Donald J. Trump,Women for President Donald J. Trump
Planet Common Sense,Planet Common Sense
OperationFlagDrop,OperationFlagDrop
Silent Majority Chooses Greatness Trump 2020,Silent Majority Chooses Greatness Trump 2020
Republican Party of Louisiana (LAGOP),Republican Party of Louisiana (LAGOP)
Americans for Trump,Americans for Trump
Trump Landslide 2020,Trump Landslide 2020
Donald J. Trump  A Man For Our Times,Donald J. Trump  A Man For Our Times
Ivanka Trump for USA's 1st female President Supporters,Ivanka Trump for USA's 1st female President Supporters
Oregon For President Donald Trump,Oregon For President Donald Trump
Tea Party,Tea Party
Donald Trump - Montana's Choice for President,Donald Trump - Montana's Choice for President
Women 4 Trump,Women 4 Trump
KIMT News 3,KIMT News 3
Cubans for Trump,Cubans for Trump
Trump supporters,Trump supporters
Donald Trump Politically Incorrect and we love it,Donald Trump Politically Incorrect and we love it
TRUMP PARTY,TRUMP PARTY
Donald Trump - God's Choice for America!!!,Donald Trump - God's Choice for America!!!
Trump mafia 2020,Trump mafia 2020
Democrats for Trump 2020,Democrats for Trump 2020
Tucker Carlson Fans,Tucker Carlson Fans
Trump's Family,Trump's Family
Mike Quigley,Mike Quigley
Trump 2020 America First,Trump 2020 America First
TRUMP & PENCE 411 - The Truth,TRUMP & PENCE 411 - The Truth
Donald Trump sending Hillary to prison 2020,Donald Trump sending Hillary to prison 2020
Maga Nationwide  LLC,Maga Nationwide  LLC
PNN - Private News Network,PNN - Private News Network
Trump Country - USA,Trump Country - USA
Rebel Cowgirl's Conservative Roundup,Rebel Cowgirl's Conservative Roundup
Governor Pete Ricketts,Governor Pete Ricketts
Rob Arlett For Delaware,Rob Arlett For Delaware
Jews Choose Trump,Jews Choose Trump
Coloradoans for Trump 2020,Coloradoans for Trump 2020
Trump is awesome,Trump is awesome
I AM THE TEA PARTY!,I AM THE TEA PARTY!
Women For President Trump Make America Great Again,Women For President Trump Make America Great Again
Tom Tiffany,Tom Tiffany
Trump  Amen Time To Win,Trump  Amen Time To Win
In Trump We Trust,In Trump We Trust
Trump Hat 2020,Trump Hat 2020
The Republican Party of Riverside County-Official,The Republican Party of Riverside County-Official
The Trump Guard,The Trump Guard
The Art Of BadASSery,The Art Of BadASSery
Trumps Reserves,Trumps Reserves
Douglas County Republicans,Douglas County Republicans
Trump For President,Trump For President
The Trump Card,The Trump Card
Nationwide Support For Donald J Trump,Nationwide Support For Donald J Trump
Fed-Up P8riots,Fed-Up P8riots
Phillip C Parrish for Minnesota,Phillip C Parrish for Minnesota
Washington State for Donald Trump 2020,Washington State for Donald Trump 2020
TRUMP 2020,TRUMP 2020
Utah for Donald Trump,Utah for Donald Trump
Trump's Troops,Trump's Troops
All I Ask stand With Trump /Pence-Powered by Friends of Trump UK,All I Ask stand With Trump /Pence-Powered by Friends of Trump UK
The Constitutional Citizen,The Constitutional Citizen
Silence Is Consent - US Border Invasion,Silence Is Consent - US Border Invasion
Making America 1st,Making America 1st
Socialism Sucks,Socialism Sucks
Gavin Clarkson for Senate,Gavin Clarkson for Senate
Think Conservative,Think Conservative
Support for President Donald Trump,Support for President Donald Trump
The Right View Of The United States,The Right View Of The United States
Trump Pence 2020,Trump Pence 2020
Conservative Republicans,Conservative Republicans
Colorado for Donald Trump 2020,Colorado for Donald Trump 2020
Big Johnson Media,Big Johnson Media
Periódico Patria 1892,Periódico Patria 1892
Texas For Trump,Texas For Trump
Joseph Molnar,Joseph Molnar
Uncle Sam's American Patriots,Uncle Sam's American Patriots
The People's Party,The People's Party
America 1st Patriots for President Donald J Trump,America 1st Patriots for President Donald J Trump
Minnesota 7th Congressional District Republican Party,Minnesota 7th Congressional District Republican Party
Fed-Up Patriots,Fed-Up Patriots
Respect President Trump,Respect President Trump
The Daily Veteran,The Daily Veteran
Republican Party of Bexar County,Republican Party of Bexar County
Tea Party Tribune,Tea Party Tribune
Conservative Constitutionalists,Conservative Constitutionalists
Club 45 USA,Club 45 USA
Deplorables United for Trump,Deplorables United for Trump
Populist Wire,Populist Wire
The Liberty Pledge 2.0,The Liberty Pledge 2.0
Adorable Deplorables for Trump,Adorable Deplorables for Trump
The Virginia Flaggers,The Virginia Flaggers
Glory of America,Glory of America
Patriotic Moms,Patriotic Moms
Republicans For Trump,Republicans For Trump
Politics Elections,Politics Elections
Trump Accomplishments,Trump Accomplishments
Donald Trump for President - Martin County Florida,Donald Trump for President - Martin County Florida
Californians for TRUMP,Californians for TRUMP
Patriot Mobile,Patriot Mobile
Good Times with Trump 2016-2024,Good Times with Trump 2016-2024
Legal Immigrants for America,Legal Immigrants for America
Californians Making America Great Again,Californians Making America Great Again
Keep America Great,Keep America Great
Trump Daily Tweets,Trump Daily Tweets
We Support Minnesota Mining,We Support Minnesota Mining
Ventura County Republican Party,Ventura County Republican Party
Let's Thank Trump,Let's Thank Trump
Tea Party Allies,Tea Party Allies
Ohio Citizens For Trump,Ohio Citizens For Trump
The Deplorables,The Deplorables
FED UP American,FED UP American
Americans for Donald J. Trump,Americans for Donald J. Trump
Convention of States Montana,Convention of States Montana
DDS USA,DDS USA
"Trump Mania  ""Make America Great Again""","Trump Mania  ""Make America Great Again"""
Lake County Republican Party,Lake County Republican Party
IvankaTrump4President,IvankaTrump4President
Wyoming Pride & Patriots,Wyoming Pride & Patriots
Make America Great Again,Make America Great Again
Adrian Perez Diaz,Adrian Perez Diaz
Tom and Sadie,Tom and Sadie
A voice for children,A voice for children
ChairmanSizer,ChairmanSizer
Make America Greater,Make America Greater
Southern State of Mind,Southern State of Mind
Make America GREAT AGAIN with Trump,Make America GREAT AGAIN with Trump
American Conservative Veterans,American Conservative Veterans
Donald Trump Republic 2016,Donald Trump Republic 2016
TRUMP - POTUS 45,TRUMP - POTUS 45
The College Republicans at Grand Valley,The College Republicans at Grand Valley
Americans for Donald Trump,Americans for Donald Trump
President Trump Headlines,President Trump Headlines
KSGF,KSGF
Trump News App,Trump News App
Vote Blue 2020,Vote Blue 2020
Wake Up America II  the Original,Wake Up America II  the Original
Armed Forces Tea Party,Armed Forces Tea Party
Kremlin-a-lago,Kremlin-a-lago
Aktuelle politische Tagesereignisse rund um QAnon und die NWO,Aktuelle politische Tagesereignisse rund um QAnon und die NWO
United Militia,United Militia
Beqa Vardosanidze • ბექა ვარდოსანიძე,Beqa Vardosanidze • ბექა ვარდოსანიძე
Females for TRUMP,Females for TRUMP
Minutemen of TN,Minutemen of TN
Nordpresse,Nordpresse
The Truck Driver Guy,The Truck Driver Guy
Eritrean Document EPLF,Eritrean Document EPLF
Trumpified News,Trumpified News
Wake Up America  the Original,Wake Up America  the Original
Qanon NC,Qanon NC
The Crippled Crusader Uncensored,The Crippled Crusader Uncensored
House  Of Insanity,House  Of Insanity
Donald Trump for President 2020 Supporters,Donald Trump for President 2020 Supporters
La Voz De BMT Texas,La Voz De BMT Texas
https://www.facebook.com/DonaldTrump/posts/10163285713945725,
https://www.facebook.com/DonaldTrump/posts/444328779550413,
https://www.facebook.com/DonaldTrump/posts/10163287626775725,
https://www.facebook.com/DonaldTrump/posts/10163321750750725,
https://www.facebook.com/DonaldTrump/posts/10163321787980725,
https://www.facebook.com/DonaldTrump/posts/10163321884225725,
https://www.facebook.com/DonaldTrump/posts/10163290493125725,
https://www.facebook.com/DonaldTrump/posts/10163280588505725,
https://www.facebook.com/DonaldTrump/posts/10163301849840725,
https://www.facebook.com/DonaldTrump/posts/10163281575305725,
https://www.facebook.com/DonaldTrump/posts/10163283274935725,
https://www.facebook.com/DonaldTrump/posts/10163313906815725,
https://www.facebook.com/DonaldTrump/posts/10163274181185725,
https://www.facebook.com/DonaldTrump/posts/10163308296525725,
https://www.facebook.com/DonaldTrump/posts/10163308003350725,
https://www.facebook.com/DonaldTrump/posts/10163285205100725,
https://www.facebook.com/DonaldTrump/posts/10163280130750725,
https://www.facebook.com/DonaldTrump/posts/10163290511225725,
https://www.facebook.com/DonaldTrump/posts/10163274691090725,
https://www.facebook.com/DonaldTrump/posts/10163321498000725,
https://www.facebook.com/DonaldTrump/posts/10163270852585725,
https://www.facebook.com/DonaldTrump/posts/10163274834120725,
https://www.facebook.com/DonaldTrump/posts/10163313137685725,
https://www.facebook.com/DonaldTrump/posts/10163290524380725,
https://www.facebook.com/DonaldTrump/posts/10163296607060725,
https://www.facebook.com/DonaldTrump/posts/10163306861065725,
https://www.facebook.com/DonaldTrump/posts/10163318115745725,
https://www.facebook.com/DonaldTrump/posts/10163287472335725,
https://www.facebook.com/DonaldTrump/posts/10163279482625725,
https://www.facebook.com/DonaldTrump/posts/10163321100790725,
https://www.facebook.com/DonaldTrump/posts/10163289607745725,
https://www.facebook.com/DonaldTrump/posts/10163293137140725,
https://www.facebook.com/DonaldTrump/posts/10163273467730725,
https://www.facebook.com/DonaldTrump/posts/10163308113870725,
https://www.facebook.com/DonaldTrump/posts/10163274032005725,
https://www.facebook.com/DonaldTrump/posts/10163291282190725,
https://www.facebook.com/DonaldTrump/posts/10163267648235725,
https://www.facebook.com/DonaldTrump/posts/10163314661825725,
https://www.facebook.com/DonaldTrump/posts/10163267107430725,
https://www.facebook.com/DonaldTrump/posts/10163268589825725,
https://www.facebook.com/DonaldTrump/posts/10163293140855725,
https://www.facebook.com/DonaldTrump/posts/10163318252105725,
https://www.facebook.com/DonaldTrump/posts/10163278455660725,
https://www.facebook.com/DonaldTrump/posts/10163274745205725,
https://www.facebook.com/DonaldTrump/posts/10163269465840725,
https://www.facebook.com/DonaldTrump/posts/10163321368365725,
https://www.facebook.com/DonaldTrump/posts/10163290856460725,
https://www.facebook.com/DonaldTrump/posts/10163279353110725,
https://www.facebook.com/DonaldTrump/posts/10163285295890725,
https://www.facebook.com/DonaldTrump/posts/10163279169410725,
https://www.facebook.com/DonaldTrump/posts/10163272577235725,
https://www.facebook.com/DonaldTrump/posts/10163272931945725,
https://www.facebook.com/DonaldTrump/posts/10163312828565725,
https://www.facebook.com/DonaldTrump/posts/10163312645360725,
https://www.facebook.com/DiamondandSilk/posts/1492319610917147,
https://www.facebook.com/DonaldTrump/posts/10163284398220725,
https://www.facebook.com/DonaldTrump/posts/10163308633565725,
https://www.facebook.com/DonaldTrump/posts/10163284729865725,
https://www.facebook.com/ConsValues/posts/2596728470405932,
https://www.facebook.com/DiamondandSilk/posts/1491600357655739,
https://www.facebook.com/TheConservativeRenaissance/posts/498644927387950,
https://www.facebook.com/GodEmperorTrump2020/posts/2500258730061991,
https://www.facebook.com/mikepence/posts/10157031459787862,
https://www.facebook.com/GodEmperorTrump2020/posts/2486989504722247,
https://www.facebook.com/officialteamtrump/posts/2434483056841237,
https://www.facebook.com/RedSymposium/posts/546312896104563,
https://www.facebook.com/silentmajorityhk/posts/2568827159873041,
https://www.facebook.com/GodEmperorTrump2020/posts/2488482891239575,
https://www.facebook.com/GodEmperorTrump2020/posts/2500244486730082,
https://www.facebook.com/RedSymposium/posts/546852132717306,
https://www.facebook.com/TheConservativeRenaissance/posts/502480633671046,
https://www.facebook.com/MinnesotaGunRights/posts/1390043241143550,
https://www.facebook.com/CommitteeToDefendThePresident/posts/1373834689443463,
https://www.facebook.com/WomenforTrump20/posts/779014312515954,
https://www.facebook.com/GodEmperorTrump2020/posts/2500251863396011,
https://www.facebook.com/RedSymposium/posts/547202846015568,
https://www.facebook.com/ElectTrump2020/posts/1509244245891674,
https://www.facebook.com/officialteamtrump/posts/2432789830343893,
https://www.facebook.com/GodEmperorTrump2020/posts/2489535921134272,
https://www.facebook.com/TheConservativeRenaissance/posts/498123894106720,
https://www.facebook.com/RedSymposium/posts/550938418975344,
https://www.facebook.com/LEXITMovement/posts/446111942923967,
https://www.facebook.com/RedSymposium/posts/547206006015252,
https://www.facebook.com/officialteamtrump/posts/2437063229916553,
https://www.facebook.com/TheConservativeRenaissance/posts/499013600684416,
https://www.facebook.com/MillerForTexas/posts/2648828248672663,
https://www.facebook.com/RedSymposium/posts/550936825642170,
https://www.facebook.com/GodEmperorTrump2020/posts/2485202431567621,
https://www.facebook.com/GodEmperorTrump2020/posts/2487179324703265,
https://www.facebook.com/MinnesotaGunRights/posts/1391698744311333,
https://www.facebook.com/thc1776/posts/451574542383641,
https://www.facebook.com/officialteamtrump/posts/2436282093328000,
https://www.facebook.com/TheConservativeRenaissance/posts/497542544164855,
https://www.facebook.com/QuotidianConservativeNews/posts/2692885867434668,
https://www.facebook.com/groups/142529582942633/permalink/745151309347121,
https://www.facebook.com/officialteamtrump/posts/2431964533759756,
https://www.facebook.com/TheConservativeRenaissance/posts/498183520767424,
https://www.facebook.com/groups/158123834849659/permalink/463312150997491,
https://www.facebook.com/officialteamtrump/posts/2433544220268454,
https://www.facebook.com/officialteamtrump/posts/2439122869710589,
https://www.facebook.com/LEXITMovement/posts/450644612470700,
https://www.facebook.com/officialteamtrump/posts/2432109317078611,
https://www.facebook.com/baredown/posts/1403263993173882,
https://www.facebook.com/GodEmperorTrump2020/posts/2489544447800086,
https://www.facebook.com/GodEmperorTrump2020/posts/2489063154514882,
https://www.facebook.com/officialteamtrump/posts/2432559587033584,
https://www.facebook.com/RedSymposium/posts/550933322309187,
https://www.facebook.com/VanVonQanon/posts/953201411701837,
https://www.facebook.com/TheConservativeRenaissance/posts/502481447004298,
https://www.facebook.com/officialteamtrump/posts/2433645480258328,
https://www.facebook.com/Texasfordonaldtrump2020/posts/2488486784567711,
https://www.facebook.com/Texasfordonaldtrump2020/posts/2488485737901149,
https://www.facebook.com/TheConservativeRenaissance/posts/499016490684127,
https://www.facebook.com/163402281058320/posts/502655897132955,
https://www.facebook.com/GodEmperorTrump2020/posts/2491657230922141,
https://www.facebook.com/hkgpaocom/posts/1375480262657245,
https://www.facebook.com/RedSymposium/posts/545675522834967,
https://www.facebook.com/618144551661943/posts/1588690751273980,
https://www.facebook.com/1665111757101345/posts/2460177444261435,
https://www.facebook.com/WomenforTrump20/posts/776491456101573,
https://www.facebook.com/QuotidianConservativeNews/posts/2692894494100472,
https://www.facebook.com/groups/239256783242707/permalink/723911838110530,
https://www.facebook.com/groups/235812096861618/permalink/897596580683163,
https://www.facebook.com/2024192924530146/posts/2418091648473603,
https://www.facebook.com/DonJTrump2020/posts/2188305111470011,
https://www.facebook.com/groups/142529582942633/permalink/744458356083083,
https://www.facebook.com/GodEmperorTrump2020/posts/2500241193397078,
https://www.facebook.com/TheConservativeRenaissance/posts/502476263671483,
https://www.facebook.com/QuotidianConservativeNews/posts/2691889087534346,
https://www.facebook.com/groups/193292901105002/permalink/866122200488732,
https://www.facebook.com/LatinosForTrump/posts/688232545022064,
https://www.facebook.com/ncfortrump/posts/2166348580324163,
https://www.facebook.com/groups/158123834849659/permalink/463217081006998,
https://www.facebook.com/officialteamtrump/posts/2433517330271143,
https://www.facebook.com/OhioForTrump2020/posts/2405430836250657,
https://www.facebook.com/ThePatrioticAndProud/posts/2542956379099591,
https://www.facebook.com/tjf2006/posts/2329996430443143,
https://www.facebook.com/2341122662775381/posts/2558565711031074,
https://www.facebook.com/RedSymposium/posts/547040492698470,
https://www.facebook.com/Deplorable4Trump/posts/1086514041553647,
https://www.facebook.com/groups/178967942692323/permalink/502493807006400,
https://www.facebook.com/SDGOP/posts/10156563429828244,
https://www.facebook.com/WomenforTrump20/posts/780743765676342,
https://www.facebook.com/WomenforTrump20/posts/778664935884225,
https://www.facebook.com/WAforTrump/posts/2412216545660211,
https://www.facebook.com/TheConservativeRenaissance/posts/502476630338113,
https://www.facebook.com/RedSymposium/posts/550932742309245,
https://www.facebook.com/ConservativeActionGroupInc/posts/1325850927587032,
https://www.facebook.com/QuotidianConservativeNews/posts/2690434034346518,
https://www.facebook.com/groups/142529582942633/permalink/746071172588468,
https://www.facebook.com/RedSymposium/posts/546378936097959,
https://www.facebook.com/groups/142529582942633/permalink/748971675631751,
https://www.facebook.com/Deplorable4Trump/posts/1088026111402440,
https://www.facebook.com/JPosobiec/posts/3000233326869393,
https://www.facebook.com/trumptvofficial/posts/2115222872105785,
https://www.facebook.com/GodEmperorTrump2020/posts/2485734998181031,
https://www.facebook.com/groups/122505631790240/permalink/415891069118360,
https://www.facebook.com/Bikers4America/posts/1025860724411988,
https://www.facebook.com/1000917043293023/posts/2706891929362184,
https://www.facebook.com/groups/122505631790240/permalink/412298382810962,
https://www.facebook.com/RedSymposium/posts/545874332815086,
https://www.facebook.com/163402281058320/posts/502598553805356,
https://www.facebook.com/WomenforTrump20/posts/777773235973395,
https://www.facebook.com/1603398536343459/posts/2980496588633640,
https://www.facebook.com/latinosfortrumpofficial/posts/2820669037945597,
https://www.facebook.com/groups/142529582942633/permalink/749909185538000,
https://www.facebook.com/TheTrumpTrainExpress/posts/2459639797404508,
https://www.facebook.com/LatinosForTrump/posts/688490018329650,
https://www.facebook.com/groups/1192684914091423/permalink/3353483061344920,
https://www.facebook.com/dailycallout/posts/2473832059551496,
https://www.facebook.com/PoliticalGroups/posts/2312923498833719,
https://www.facebook.com/confederateCSA/posts/2358220354491968,
https://www.facebook.com/groups/229259757779830/permalink/429866821052455,
https://www.facebook.com/trumptvofficial/posts/2115066625454743,
https://www.facebook.com/HidalgoYR/posts/2364416000443123,
https://www.facebook.com/janmorganhomepage/posts/10214657882031831,
https://www.facebook.com/1084463508282747/posts/2731727523556329,
https://www.facebook.com/2024192924530146/posts/2417141895235245,
https://www.facebook.com/groups/158123834849659/permalink/462223261106380,
https://www.facebook.com/tjf2006/posts/2318515214924598,
https://www.facebook.com/gopreload/posts/1406646269499987,
https://www.facebook.com/tjf2006/posts/2329995927109860,
https://www.facebook.com/tjf2006/posts/2318127471630039,
https://www.facebook.com/QuotidianConservativeNews/posts/2704603269596261,
https://www.facebook.com/Deplorable4Trump/posts/1087726434765741,
https://www.facebook.com/groups/142529582942633/permalink/748235895705329,
https://www.facebook.com/TheConservativeRenaissance/posts/498851480700628,
https://www.facebook.com/WeServeTheDeplorables/posts/2402809079834923,
https://www.facebook.com/WomenforPresidentDonaldTrump/posts/2394878374158740,
https://www.facebook.com/Deplorables1/posts/962159100809277,
https://www.facebook.com/groups/122505631790240/permalink/410270943013706,
https://www.facebook.com/glenpcs1/posts/717478235395990,
https://www.facebook.com/groups/1332677140205350/permalink/1596248177181577,
https://www.facebook.com/choiceofsilentmajority/posts/962758204059997,
https://www.facebook.com/lagop/posts/10157748993204747,
https://www.facebook.com/makeamericasafeagain/posts/2725394674171553,
https://www.facebook.com/WomenforTrump20/posts/782305058853546,
https://www.facebook.com/groups/178967942692323/permalink/503438870245227,
https://www.facebook.com/tjf2006/posts/2329978193778300,
https://www.facebook.com/2024192924530146/posts/2418092041806897,
https://www.facebook.com/MAGACENTRAL2020/posts/424338204891050,
https://www.facebook.com/2024192924530146/posts/2418827188400049,
https://www.facebook.com/GodEmperorTrump2020/posts/2489058984515299,
https://www.facebook.com/2024192924530146/posts/2417142465235188,
https://www.facebook.com/2024192924530146/posts/2415539338728834,
https://www.facebook.com/donaldjtrumpamanforourtimes/posts/2349382658615776,
https://www.facebook.com/TeamTrump2020US/posts/2743472652340226,
https://www.facebook.com/1271477049636854/posts/2609658282485384,
https://www.facebook.com/Oregon4Trump/posts/915485352167269,
https://www.facebook.com/groups/62301951331/permalink/10156723591926332,
https://www.facebook.com/TrumpMontanasChoiceForPresident/posts/1507740239368148,
https://www.facebook.com/women4trumppage/posts/2601713869896251,
https://www.facebook.com/KIMTNews3/posts/10157655515299855,
https://www.facebook.com/Cubansfortrump/posts/2456234964626977,
https://www.facebook.com/LatinosForTrump/posts/690009694844349,
https://www.facebook.com/groups/122505631790240/permalink/416064029101064,
https://www.facebook.com/QuotidianConservativeNews/posts/2704599786263276,
https://www.facebook.com/1817787608350090/posts/2258563820939131,
https://www.facebook.com/135454467259357/posts/552717582199708,
https://www.facebook.com/1665111757101345/posts/2459562870989559,
https://www.facebook.com/TheConservativeRenaissance/posts/499731073946002,
https://www.facebook.com/groups/1332677140205350/permalink/1596334097172985,
https://www.facebook.com/groups/178967942692323/permalink/499705813951866,
https://www.facebook.com/TRUMPLOVESAMERICA/posts/2544311112522139,
https://www.facebook.com/RedSymposium/posts/547039539365232,
https://www.facebook.com/groups/1537854269845884/permalink/2265095953788375,
https://www.facebook.com/trumpmafia2020/posts/2688780984520517,
https://www.facebook.com/TheConservativeRenaissance/posts/497715524147557,
https://www.facebook.com/WAforTrump/posts/2414699862078546,
https://www.facebook.com/542599115898074/posts/1378161415675169,
https://www.facebook.com/LatinosForTrump/posts/687010865144232,
https://www.facebook.com/2024192924530146/posts/2415539162062185,
https://www.facebook.com/QuotidianConservativeNews/posts/2704591839597404,
https://www.facebook.com/groups/358310851193262/permalink/942310629459945,
https://www.facebook.com/Deplorables1/posts/965201453838375,
https://www.facebook.com/groups/482531962294561/permalink/508478183033272,
https://www.facebook.com/QuigleyForCongress/posts/1140661022791474,
https://www.facebook.com/www.usafordonaldtrump2020/posts/2638670322860365,
https://www.facebook.com/groups/482531962294561/permalink/509463196268104,
https://www.facebook.com/groups/1062613063823803/permalink/2570196603065434,
https://www.facebook.com/groups/1537854269845884/permalink/2261864334111537,
https://www.facebook.com/1000917043293023/posts/2705395342845176,
https://www.facebook.com/trumpsendinghillarytoprison/posts/995973634078145,
https://www.facebook.com/TheConservativeRenaissance/posts/498852147367228,
https://www.facebook.com/ConservativeActionGroupInc/posts/1331357460369712,
https://www.facebook.com/groups/1537854269845884/permalink/2262805870684050,
https://www.facebook.com/Deplorable4Trump/posts/1085409681664083,
https://www.facebook.com/trumptvofficial/posts/2119663584995047,
https://www.facebook.com/Texasfordonaldtrump2020/posts/2482939595122430,
https://www.facebook.com/groups/122505631790240/permalink/411536016220532,
https://www.facebook.com/maganationwide/posts/692516331234056,
https://www.facebook.com/PVTNewsNetwork/posts/2497693333796909,
https://www.facebook.com/yourcountryusa/posts/572144916927544,
https://www.facebook.com/rebelcowgirlsconservativeroundup/posts/2375005442751838,
https://www.facebook.com/groups/178967942692323/permalink/502024797053301,
https://www.facebook.com/GovernorPeteRicketts/posts/1388912894596411,
https://www.facebook.com/groups/1062613063823803/permalink/2568419239909837,
https://www.facebook.com/ArlettForDelaware/posts/1326743037492923,
https://www.facebook.com/OhioForTrump2020/posts/2407336562726751,
https://www.facebook.com/groups/142529582942633/permalink/743657086163210,
https://www.facebook.com/groups/1566295273464696/permalink/2539666279460919,
https://www.facebook.com/JewsChooseTrump/posts/2399418376946717,
https://www.facebook.com/536593673466248/posts/762787924180154,
https://www.facebook.com/ArlettForDelaware/posts/1331235900376970,
https://www.facebook.com/2024192924530146/posts/2414682522147849,
https://www.facebook.com/KIMTNews3/posts/10157655846454855,
https://www.facebook.com/ConservativeActionGroupInc/posts/1325900687582056,
https://www.facebook.com/AwesomeDonaldTrump/posts/759042241210458,
https://www.facebook.com/QuotidianConservativeNews/posts/2690613820995206,
https://www.facebook.com/2024192924530146/posts/2418091935140241,
https://www.facebook.com/IamTheTeaParty/posts/2470291613006870,
https://www.facebook.com/womenforpresidenttrump/posts/936353390053099,
https://www.facebook.com/TomTiffanyWI/posts/140241814026879,
https://www.facebook.com/yourcountryusa/posts/572161473592555,
https://www.facebook.com/Trumpamen/posts/2342796002651293,
https://www.facebook.com/InTrumpWeTrust1/posts/721027254975426,
https://www.facebook.com/TrumpHat2020/posts/386864058868700,
https://www.facebook.com/riversidegop/posts/10157858019878392,
https://www.facebook.com/TrumpGuard/posts/811902979231127,
https://www.facebook.com/Aobadasey/posts/2375211035911386,
https://www.facebook.com/TrumpsReserves/posts/2230930573863993,
https://www.facebook.com/dcgop/posts/10156706915945415,
https://www.facebook.com/thc1776/posts/456070498600712,
https://www.facebook.com/770712309738502/posts/1528274717315587,
https://www.facebook.com/SDGOP/posts/10156562954133244,
https://www.facebook.com/Deplorable4Trump/posts/1086238711581180,
https://www.facebook.com/trumppatriot/posts/975868139420989,
https://www.facebook.com/564747513888167/posts/940183113011270,
https://www.facebook.com/trumptvofficial/posts/2115164785444927,
https://www.facebook.com/253839542232584/posts/396474784635725,
https://www.facebook.com/PhillipCParrishforMinnesota/posts/1117442581797360,
https://www.facebook.com/TrumpHat2020/posts/386864848868621,
https://www.facebook.com/WAStateforDonaldTrump2020/posts/2595433663848262,
https://www.facebook.com/elect46/posts/412808972751053,
https://www.facebook.com/UtahForDonaldTrump/posts/2213564285610152,
https://www.facebook.com/trumpstroops/posts/1256523007852338,
https://www.facebook.com/1880995648794229/posts/2649261391967647,
https://www.facebook.com/TheConstitutionalCitizen/posts/2436846969764980,
https://www.facebook.com/SilenceIsConsentUsBorderInvasion/posts/3422307097779768,
https://www.facebook.com/tjf2006/posts/2330741097035343,
https://www.facebook.com/makingamerica1st/posts/2403021873269080,
https://www.facebook.com/FreedomFromSocialism/posts/1580025232122123,
https://www.facebook.com/trumptvofficial/posts/2118469555114450,
https://www.facebook.com/TrumpHat2020/posts/386260555595717,
https://www.facebook.com/TrumpHat2020/posts/386865248868581,
https://www.facebook.com/GavinforNM/posts/711406092697444,
https://www.facebook.com/ThinkconservativeUSA/posts/1270394809807068,
https://www.facebook.com/SupportDonaldTrumpforPresident/posts/1249527825219685,
https://www.facebook.com/Bikers4America/posts/1024252717906122,
https://www.facebook.com/Deplorable4Trump/posts/1086513918220326,
https://www.facebook.com/TheRightViewOfTheUnitedStates/posts/409851993279467,
https://www.facebook.com/WeServeTheDeplorables/posts/2402258099890021,
https://www.facebook.com/1000917043293023/posts/2707452652639445,
https://www.facebook.com/UtahForDonaldTrump/posts/2218617695104811,
https://www.facebook.com/1084463508282747/posts/2732636590132089,
https://www.facebook.com/TrumpPenceforAmerica/posts/2842058425805646,
https://www.facebook.com/conservativerepublicannews/posts/698869417258410,
https://www.facebook.com/TrumpHat2020/posts/386860962202343,
https://www.facebook.com/1000917043293023/posts/2707453812639329,
https://www.facebook.com/Colorado4DonaldTrump/posts/2404539146464553,
https://www.facebook.com/Deplorable4Trump/posts/1084628118408906,
https://www.facebook.com/trumptvofficial/posts/2114819058812833,
https://www.facebook.com/JPosobiec/posts/3006611956231530,
https://www.facebook.com/BigJohnsonMedia/posts/979799039021026,
https://www.facebook.com/618144551661943/posts/1585942844882104,
https://www.facebook.com/1000917043293023/posts/2707454222639288,
https://www.facebook.com/trumptvofficial/posts/2113401855621220,
https://www.facebook.com/AdrianlavozdeCuba/posts/515999745863628,
https://www.facebook.com/TexasForTrump/posts/2408672012585428,
https://www.facebook.com/JosephMolnarPolitics/posts/1274982752672706,
https://www.facebook.com/unclesamsamericanpatriots/posts/793641974428835,
https://www.facebook.com/742127702474044/posts/2655892641097531,
https://www.facebook.com/AmericaFirstPatriotsforPresidentDonaldJTrump/posts/2514949758572385,
https://www.facebook.com/Trumpamen/posts/2342796979317862,
https://www.facebook.com/mncd7gop/posts/10163206590815377,
https://www.facebook.com/feduppatri0ts/posts/523630868205308,
https://www.facebook.com/RPTRUMPH/posts/3072374779470983,
https://www.facebook.com/tjf2006/posts/2316034345172685,
https://www.facebook.com/Trumpamen/posts/2344944695769757,
https://www.facebook.com/thedailyveteran/posts/2316601115129494,
https://www.facebook.com/dailycallout/posts/2481500292118006,
https://www.facebook.com/trumptvofficial/posts/2118207281807344,
https://www.facebook.com/trumpsendinghillarytoprison/posts/994250444250464,
https://www.facebook.com/TrumpHat2020/posts/384216712466768,
https://www.facebook.com/bexargop/posts/2871659289530184,
https://www.facebook.com/teapartytribune/posts/2425310847504345,
https://www.facebook.com/trumptvofficial/posts/2114751712152901,
https://www.facebook.com/362764490431549/posts/3183790268328943,
https://www.facebook.com/Club45USA/posts/2100433920263960,
https://www.facebook.com/135454467259357/posts/552466108891522,
https://www.facebook.com/DeplorablesUnitedforTrump/posts/2409862682569760,
https://www.facebook.com/PopulistWire/posts/934114660301306,
https://www.facebook.com/1000MileMarch/posts/1425910047573105,
https://www.facebook.com/UtahForDonaldTrump/posts/2213540892279158,
https://www.facebook.com/PoliticalGroups/posts/2320232288102840,
https://www.facebook.com/AdorableDeplorablesforPresidentTrump/posts/2318473481585328,
https://www.facebook.com/378823865585630/posts/1680738805394123,
https://www.facebook.com/Trumpamen/posts/2342796719317888,
https://www.facebook.com/gloryofamerica/posts/947562785613982,
https://www.facebook.com/PatrioticMoms/posts/2898912313454913,
https://www.facebook.com/1229531847062410/posts/3014059358609641,
https://www.facebook.com/2024192924530146/posts/2422506588032109,
https://www.facebook.com/TRUMPLOVESAMERICA/posts/2547559988863918,
https://www.facebook.com/politicselectionsusa/posts/2642933285772640,
https://www.facebook.com/HidalgoYR/posts/2369414449943278,
https://www.facebook.com/PresidentTrumpsAccomplishments/posts/485371242191284,
https://www.facebook.com/1038122429542684/posts/2542993495722229,
https://www.facebook.com/2024192924530146/posts/2415539662062135,
https://www.facebook.com/tjf2006/posts/2316556888453764,
https://www.facebook.com/CA4Trump/posts/2483245165077225,
https://www.facebook.com/TrumpHat2020/posts/386863608868745,
https://www.facebook.com/TRUMPLOVESAMERICA/posts/2541016606184923,
https://www.facebook.com/PatriotMobileUSA/posts/1691178624347816,
https://www.facebook.com/trumppatriot/posts/980613252279811,
https://www.facebook.com/135454467259357/posts/555596108578522,
https://www.facebook.com/GoodTimeswithTrump2024/posts/1197903950419477,
https://www.facebook.com/2024192924530146/posts/2420767271539374,
https://www.facebook.com/TeamTrump2020US/posts/2737372086283616,
https://www.facebook.com/4golifa/posts/2480903141996734,
https://www.facebook.com/trumppatriot/posts/974988449508958,
https://www.facebook.com/CA4MAGA/posts/696234640899125,
https://www.facebook.com/Club45USA/posts/2095417967432222,
https://www.facebook.com/dcgop/posts/10156706996710415,
https://www.facebook.com/2024192924530146/posts/2417142415235193,
https://www.facebook.com/KeepAmericaWinning/posts/2465916846972987,
https://www.facebook.com/618144551661943/posts/1587701778039544,
https://www.facebook.com/436730840014013/posts/961012384252520,
https://www.facebook.com/Club45USA/posts/2100001870307165,
https://www.facebook.com/Deplorable4Trump/posts/1090877941117257,
https://www.facebook.com/TeamTrump2020US/posts/2738990372788454,
https://www.facebook.com/trumptvofficial/posts/2114365775524828,
https://www.facebook.com/wesupportmining/posts/1671922026277111,
https://www.facebook.com/VenturaGOP/posts/10158079599499947,
https://www.facebook.com/letsthanktrump/posts/2403964889861577,
https://www.facebook.com/teapartyallies/posts/3244634712243445,
https://www.facebook.com/bexargop/posts/2866751383354308,
https://www.facebook.com/2024192924530146/posts/2414682375481197,
https://www.facebook.com/564747513888167/posts/940014326361482,
https://www.facebook.com/QuotidianConservativeNews/posts/2692411270815461,
https://www.facebook.com/OhioCitizensForTrump/posts/541773939987549,
https://www.facebook.com/theDeplorablesNow/posts/2607904889433342,
https://www.facebook.com/UtahForDonaldTrump/posts/2217239435242637,
https://www.facebook.com/TickedOffAmericans/posts/1710824409077893,
https://www.facebook.com/2108348922814584/posts/2385810028401804,
https://www.facebook.com/COSProjectMT/posts/1378046572343191,
https://www.facebook.com/PopulistWire/posts/934637320249040,
https://www.facebook.com/DdsUSAOfficial/posts/2375332886023898,
https://www.facebook.com/1504222863229311/posts/2428647214120200,
https://www.facebook.com/thelakecountygop/posts/1380642812083710,
https://www.facebook.com/618144551661943/posts/1592711834205205,
https://www.facebook.com/Trumpamen/posts/2342418166022410,
https://www.facebook.com/Oregon4Trump/posts/915392468843224,
https://www.facebook.com/1000917043293023/posts/2715498845168159,
https://www.facebook.com/2024192924530146/posts/2417142005235234,
https://www.facebook.com/206157503227588/posts/703008763542457,
https://www.facebook.com/WyomingPrideAmericanPatriots/posts/2521704331269928,
https://www.facebook.com/618144551661943/posts/1587033654773023,
https://www.facebook.com/TeamTrump2020US/posts/2739702609383897,
https://www.facebook.com/DJTMAGA/posts/2437077103008219,
https://www.facebook.com/lavozdelpueblodeCuba/posts/704592843388329,
https://www.facebook.com/618144551661943/posts/1585940851548970,
https://www.facebook.com/TeamTrump2020US/posts/2752542788099879,
https://www.facebook.com/TheTrumpTrainExpress/posts/2467612016607286,
https://www.facebook.com/WAStateforDonaldTrump2020/posts/2594299477295014,
https://www.facebook.com/CA4MAGA/posts/700068947182361,
https://www.facebook.com/tomandsadie/posts/2482660991811648,
https://www.facebook.com/TheTrumpTrainExpress/posts/2461533363881818,
https://www.facebook.com/TheTrumpTrainExpress/posts/2461532503881904,
https://www.facebook.com/618144551661943/posts/1592616977548024,
https://www.facebook.com/445605908892811/posts/2440765089376873,
https://www.facebook.com/1603398536343459/posts/2980496345300331,
https://www.facebook.com/ChairmanSizer/posts/2496466763764443,
https://www.facebook.com/1600840463266204/posts/3056859610997608,
https://www.facebook.com/ncfortrump/posts/2166927296932958,
https://www.facebook.com/1504222863229311/posts/2428558874129034,
https://www.facebook.com/445605908892811/posts/2441288782657837,
https://www.facebook.com/PopulistWire/posts/937323116647127,
https://www.facebook.com/618144551661943/posts/1587696691373386,
https://www.facebook.com/QuotidianConservativeNews/posts/2689157364474185,
https://www.facebook.com/PresidentTrumpsAccomplishments/posts/486329622095446,
https://www.facebook.com/ASouthernStateofMind/posts/2428819287233474,
https://www.facebook.com/DTrumpSavesAmerica/posts/2084017535032601,
https://www.facebook.com/742127702474044/posts/2653659834654145,
https://www.facebook.com/1229531847062410/posts/3022316797783897,
https://www.facebook.com/AwesomeDonaldTrump/posts/763133257468023,
https://www.facebook.com/PresidentTrumpsAccomplishments/posts/487426098652465,
https://www.facebook.com/americanconservativeveterans2/posts/965939853763547,
https://www.facebook.com/DonaldTrumpRepublic/posts/2396976343859709,
https://www.facebook.com/PresidentTrumpsAccomplishments/posts/484178805643861,
https://www.facebook.com/PresidentTrumpsAccomplishments/posts/483597682368640,
https://www.facebook.com/trumppotus45/posts/905038566544969,
https://www.facebook.com/1000917043293023/posts/2706896569361720,
https://www.facebook.com/PresidentTrumpsAccomplishments/posts/487407148654360,
https://www.facebook.com/gvsugop/posts/3073810622645402,
https://www.facebook.com/DJTMAGA/posts/2439160692799860,
https://www.facebook.com/AfDT2020/posts/1285360354958369,
https://www.facebook.com/1887686451446410/posts/2445652168983166,
https://www.facebook.com/1041KSGF/posts/2632080013480104,
https://www.facebook.com/TRUMPNEWS/posts/1428054587360166,
https://www.facebook.com/RealVoteBlue/posts/2693865227301382,
https://www.facebook.com/wakeupamericaiitheoriginal/posts/2451220164915316,
https://www.facebook.com/ArmedForcesTeaParty/posts/2574396902604271,
https://www.facebook.com/1000917043293023/posts/2705402129511164,
https://www.facebook.com/LetsKeepAmericaGreat/posts/3082041371868192,
https://www.facebook.com/TheRightViewOfTheUnitedStates/posts/408180996779900,
https://www.facebook.com/InTrumpWeTrust1/posts/725181127893372,
https://www.facebook.com/TRUMPNEWS/posts/1426006307564994,
https://www.facebook.com/KremlinaLago/posts/522856798260663,
https://www.facebook.com/unclesamsamericanpatriots/posts/792999111159788,
https://www.facebook.com/618144551661943/posts/1586306001512455,
https://www.facebook.com/1038122429542684/posts/2555286764492902,
https://www.facebook.com/NWORecherche/posts/2639587116104698,
https://www.facebook.com/THEUNITEDMILITIA/posts/2759580020727711,
https://www.facebook.com/TheTrumpTrainExpress/posts/2457361030965718,
https://www.facebook.com/beqavardosanidzeofficial/posts/772276686519489,
https://www.facebook.com/1000917043293023/posts/2706889389362438,
https://www.facebook.com/femalesfortrump/posts/1166307713560414,
https://www.facebook.com/105181626180090/posts/2699518836746343,
https://www.facebook.com/WAStateforDonaldTrump2020/posts/2610073015717660,
https://www.facebook.com/742127702474044/posts/2654185007934961,
https://www.facebook.com/nordpressed/posts/412035626146868,
https://www.facebook.com/TheTruckDriverGuy/posts/2383943241843607,
https://www.facebook.com/femalesfortrump/posts/1161778430680009,
https://www.facebook.com/wedySewura/posts/2555429948013511,
https://www.facebook.com/1000917043293023/posts/2705394079511969,
https://www.facebook.com/trumpifiednews/posts/3061738167233756,
https://www.facebook.com/wakeupamericatheoriginal/posts/1217298741789709,
https://www.facebook.com/TheTruckDriverGuy/posts/2383944125176852,
https://www.facebook.com/1000917043293023/posts/2715512148500162,
https://www.facebook.com/WAStateforDonaldTrump2020/posts/2609946449063650,
https://www.facebook.com/unclesamsamericanpatriots/posts/792995327826833,
https://www.facebook.com/WAStateforDonaldTrump2020/posts/2604051309653164,
https://www.facebook.com/1038122429542684/posts/2556452707709641,
https://www.facebook.com/QanonTheGreatAwakening/posts/541441509949508,
https://www.facebook.com/thecrippledcrusaderuncensored/posts/2429061643998296,
https://www.facebook.com/618144551661943/posts/1592615297548192,
https://www.facebook.com/1000917043293023/posts/2715497048501672,
https://www.facebook.com/RealHouseOfInsanity/posts/2551189364937718,
https://www.facebook.com/DJT45Supporters/posts/2337090123209909,
https://www.facebook.com/220865664603280/posts/2648539421835880,
