Link: https://www.facebook.com/DonaldTrump/?epa=SEARCH_BOX,,,,,
,,,,,
Source,Followers,Date,Interactions,Post Type,Link
Donald J. Trump,24463235,Thu Oct 10 2019 20:57:28 GMT+0000,236511,Facebook,https://www.facebook.com/DonaldTrump/posts/10163285713945725
Donald J. Trump,24472087,Fri Oct 11 2019 00:46:42 GMT+0000,220847,Facebook,https://www.facebook.com/DonaldTrump/posts/444328779550413
Donald J. Trump,24472087,Fri Oct 11 2019 02:51:50 GMT+0000,183311,Facebook,https://www.facebook.com/DonaldTrump/posts/10163287626775725
Donald J. Trump,24495540,Wed Oct 16 2019 22:27:42 GMT+0000,174197,Facebook,https://www.facebook.com/DonaldTrump/posts/10163321750750725
Donald J. Trump,24495540,Wed Oct 16 2019 22:32:35 GMT+0000,140214,Facebook,https://www.facebook.com/DonaldTrump/posts/10163321787980725
Donald J. Trump,24495540,Wed Oct 16 2019 22:51:24 GMT+0000,139325,Facebook,https://www.facebook.com/DonaldTrump/posts/10163321884225725
Donald J. Trump,24472087,Fri Oct 11 2019 18:27:29 GMT+0000,110654,Facebook,https://www.facebook.com/DonaldTrump/posts/10163290493125725
Donald J. Trump,24459393,Wed Oct 09 2019 22:56:00 GMT+0000,108989,Facebook,https://www.facebook.com/DonaldTrump/posts/10163280588505725
Donald J. Trump,24483318,Sun Oct 13 2019 18:02:19 GMT+0000,102856,Facebook,https://www.facebook.com/DonaldTrump/posts/10163301849840725
Donald J. Trump,24463235,Thu Oct 10 2019 01:40:05 GMT+0000,101579,Facebook,https://www.facebook.com/DonaldTrump/posts/10163281575305725
Donald J. Trump,24463235,Thu Oct 10 2019 12:29:54 GMT+0000,90063,Facebook,https://www.facebook.com/DonaldTrump/posts/10163283274935725
Donald J. Trump,24492299,Tue Oct 15 2019 20:46:01 GMT+0000,82131,Facebook,https://www.facebook.com/DonaldTrump/posts/10163313906815725
Donald J. Trump,24456603,Tue Oct 08 2019 19:06:05 GMT+0000,80872,Facebook,https://www.facebook.com/DonaldTrump/posts/10163274181185725
Donald J. Trump,24488432,Mon Oct 14 2019 19:58:45 GMT+0000,78729,Facebook,https://www.facebook.com/DonaldTrump/posts/10163308296525725
Donald J. Trump,24488432,Mon Oct 14 2019 19:14:00 GMT+0000,75664,Facebook,https://www.facebook.com/DonaldTrump/posts/10163308003350725
Donald J. Trump,24463235,Thu Oct 10 2019 23:45:00 GMT+0000,71979,Facebook,https://www.facebook.com/DonaldTrump/posts/10163285205100725
Donald J. Trump,24459393,Wed Oct 09 2019 20:38:39 GMT+0000,55946,Facebook,https://www.facebook.com/DonaldTrump/posts/10163280130750725
Donald J. Trump,24495540,Wed Oct 16 2019 21:29:38 GMT+0000,54343,Facebook,https://www.facebook.com/DonaldTrump/posts/10163321498000725
Donald J. Trump,24472087,Fri Oct 11 2019 19:56:00 GMT+0000,52058,Facebook,https://www.facebook.com/DonaldTrump/posts/10163290511225725
Donald J. Trump,24456603,Tue Oct 08 2019 20:52:12 GMT+0000,50209,Facebook,https://www.facebook.com/DonaldTrump/posts/10163274691090725
Donald J. Trump,24492299,Tue Oct 15 2019 20:10:00 GMT+0000,48748,Facebook,https://www.facebook.com/DonaldTrump/posts/10163313137685725
Donald J. Trump,24456603,Tue Oct 08 2019 02:18:56 GMT+0000,48604,Facebook,https://www.facebook.com/DonaldTrump/posts/10163270852585725
Donald J. Trump,24456603,Tue Oct 08 2019 21:21:42 GMT+0000,47578,Facebook,https://www.facebook.com/DonaldTrump/posts/10163274834120725
Donald J. Trump,24472087,Fri Oct 11 2019 22:22:00 GMT+0000,45068,Facebook,https://www.facebook.com/DonaldTrump/posts/10163290524380725
Donald J. Trump,24479306,Sat Oct 12 2019 20:16:52 GMT+0000,44305,Facebook,https://www.facebook.com/DonaldTrump/posts/10163296607060725
Donald J. Trump,24495540,Wed Oct 16 2019 16:04:35 GMT+0000,43745,Facebook,https://www.facebook.com/DonaldTrump/posts/10163318115745725
Donald J. Trump,24488432,Mon Oct 14 2019 15:28:18 GMT+0000,41989,Facebook,https://www.facebook.com/DonaldTrump/posts/10163306861065725
Donald J. Trump,24495540,Wed Oct 16 2019 21:16:00 GMT+0000,37938,Facebook,https://www.facebook.com/DonaldTrump/posts/10163321100790725
Donald J. Trump,24472087,Fri Oct 11 2019 02:24:14 GMT+0000,37702,Facebook,https://www.facebook.com/DonaldTrump/posts/10163287472335725
Donald J. Trump,24459393,Wed Oct 09 2019 18:26:06 GMT+0000,37554,Facebook,https://www.facebook.com/DonaldTrump/posts/10163279482625725
Donald J. Trump,24472087,Fri Oct 11 2019 14:50:38 GMT+0000,35025,Facebook,https://www.facebook.com/DonaldTrump/posts/10163289607745725
Donald J. Trump,24479306,Sat Oct 12 2019 04:03:36 GMT+0000,34553,Facebook,https://www.facebook.com/DonaldTrump/posts/10163293137140725
Donald J. Trump,24488432,Mon Oct 14 2019 19:40:00 GMT+0000,34546,Facebook,https://www.facebook.com/DonaldTrump/posts/10163308113870725
Donald J. Trump,24456603,Tue Oct 08 2019 16:58:38 GMT+0000,34520,Facebook,https://www.facebook.com/DonaldTrump/posts/10163273467730725
Donald J. Trump,24456603,Tue Oct 08 2019 22:35:00 GMT+0000,32972,Facebook,https://www.facebook.com/DonaldTrump/posts/10163274032005725
Donald J. Trump,24498109,Thu Oct 17 2019 20:39:07 GMT+0000,32799,Facebook,https://www.facebook.com/DonaldTrump/posts/510063973160055
Donald J. Trump,24472087,Fri Oct 11 2019 23:45:00 GMT+0000,32718,Facebook,https://www.facebook.com/DonaldTrump/posts/10163291282190725
Donald J. Trump,24492299,Tue Oct 15 2019 23:21:27 GMT+0000,31978,Facebook,https://www.facebook.com/DonaldTrump/posts/10163314661825725
Donald J. Trump,24495540,Wed Oct 16 2019 16:21:17 GMT+0000,31825,Facebook,https://www.facebook.com/DonaldTrump/posts/10163318252105725
Donald J. Trump,24459393,Wed Oct 09 2019 00:25:00 GMT+0000,31741,Facebook,https://www.facebook.com/DonaldTrump/posts/10163267107430725
Donald J. Trump,24479306,Sat Oct 12 2019 04:04:36 GMT+0000,31126,Facebook,https://www.facebook.com/DonaldTrump/posts/10163293140855725
Donald J. Trump,24498109,Thu Oct 17 2019 18:53:13 GMT+0000,30436,Facebook,https://www.facebook.com/DonaldTrump/posts/10163326589935725
Donald J. Trump,24459393,Wed Oct 09 2019 15:37:32 GMT+0000,28600,Facebook,https://www.facebook.com/DonaldTrump/posts/10163278455660725
Donald J. Trump,24495540,Wed Oct 16 2019 22:58:00 GMT+0000,27317,Facebook,https://www.facebook.com/DonaldTrump/posts/10163321368365725
Donald J. Trump,24456603,Tue Oct 08 2019 21:02:47 GMT+0000,26428,Facebook,https://www.facebook.com/DonaldTrump/posts/10163274745205725
Donald J. Trump,24453803,Mon Oct 07 2019 21:17:57 GMT+0000,24135,Facebook,https://www.facebook.com/DonaldTrump/posts/10163269465840725
Donald J. Trump,24492299,Tue Oct 15 2019 00:25:00 GMT+0000,23291,Facebook,https://www.facebook.com/DonaldTrump/posts/10163290856460725
Donald J. Trump,24459393,Wed Oct 09 2019 21:28:00 GMT+0000,22487,Facebook,https://www.facebook.com/DonaldTrump/posts/10163279353110725
Donald J. Trump,24463235,Thu Oct 10 2019 20:12:00 GMT+0000,21127,Facebook,https://www.facebook.com/DonaldTrump/posts/10163285295890725
Donald J. Trump,24459393,Wed Oct 09 2019 17:32:04 GMT+0000,19042,Facebook,https://www.facebook.com/DonaldTrump/posts/10163279169410725
Donald J. Trump,24456603,Tue Oct 08 2019 13:22:54 GMT+0000,18922,Facebook,https://www.facebook.com/DonaldTrump/posts/10163272577235725
Donald J. Trump,24492299,Tue Oct 15 2019 17:48:00 GMT+0000,18668,Facebook,https://www.facebook.com/DonaldTrump/posts/10163312828565725
Donald J. Trump,24456603,Tue Oct 08 2019 14:52:58 GMT+0000,18534,Facebook,https://www.facebook.com/DonaldTrump/posts/10163272931945725
Donald J. Trump,24492299,Tue Oct 15 2019 16:17:20 GMT+0000,18190,Facebook,https://www.facebook.com/DonaldTrump/posts/10163312645360725
Diamond And Silk,1808334,Tue Oct 08 2019 22:15:45 GMT+0000,15461,Facebook,https://www.facebook.com/DiamondandSilk/posts/1492319610917147
Donald J. Trump,24463235,Thu Oct 10 2019 16:54:21 GMT+0000,14684,Facebook,https://www.facebook.com/DonaldTrump/posts/10163284398220725
Donald J. Trump,24488432,Mon Oct 14 2019 23:22:00 GMT+0000,13115,Facebook,https://www.facebook.com/DonaldTrump/posts/10163308633565725
Donald J. Trump,24463235,Thu Oct 10 2019 17:58:35 GMT+0000,10542,Facebook,https://www.facebook.com/DonaldTrump/posts/10163284729865725
Conservative Values,422456,Thu Oct 17 2019 00:30:09 GMT+0000,9040,Facebook,https://www.facebook.com/ConsValues/posts/2596728470405932
Diamond And Silk,1808334,Tue Oct 08 2019 04:08:02 GMT+0000,7260,Facebook,https://www.facebook.com/DiamondandSilk/posts/1491600357655739
Conservative Renaissance,165084,Fri Oct 11 2019 16:29:25 GMT+0000,5847,Facebook,https://www.facebook.com/TheConservativeRenaissance/posts/498644927387950
Trump 2020,235085,Thu Oct 17 2019 02:43:25 GMT+0000,5534,Facebook,https://www.facebook.com/GodEmperorTrump2020/posts/2500258730061991
Mike Pence,1277146,Tue Oct 08 2019 02:19:22 GMT+0000,4185,Facebook,https://www.facebook.com/mikepence/posts/10157031459787862
Trump 2020,231942,Thu Oct 10 2019 22:41:12 GMT+0000,3633,Facebook,https://www.facebook.com/GodEmperorTrump2020/posts/2486989504722247
Trump 2020,235085,Thu Oct 17 2019 02:34:48 GMT+0000,3539,Facebook,https://www.facebook.com/GodEmperorTrump2020/posts/2500244486730082
Team Trump,149973,Thu Oct 10 2019 21:01:51 GMT+0000,3458,Facebook,https://www.facebook.com/officialteamtrump/posts/2434483056841237
Red Symposium,157940,Thu Oct 10 2019 22:42:07 GMT+0000,3291,Facebook,https://www.facebook.com/RedSymposium/posts/546312896104563
Conservative Renaissance,166442,Thu Oct 17 2019 02:40:49 GMT+0000,3146,Facebook,https://www.facebook.com/TheConservativeRenaissance/posts/502480633671046
幫港出聲 Silent Majority,271196,Sat Oct 12 2019 07:00:00 GMT+0000,2804,Facebook,https://www.facebook.com/silentmajorityhk/posts/2568827159873041
Trump 2020,232350,Fri Oct 11 2019 16:28:46 GMT+0000,2619,Facebook,https://www.facebook.com/GodEmperorTrump2020/posts/2488482891239575
Red Symposium,158136,Fri Oct 11 2019 16:29:12 GMT+0000,2432,Facebook,https://www.facebook.com/RedSymposium/posts/546852132717306
Minnesota Gun Rights,143452,Wed Oct 09 2019 03:22:37 GMT+0000,2313,Facebook,https://www.facebook.com/MinnesotaGunRights/posts/1390043241143550
Trump 2020,235085,Thu Oct 17 2019 02:39:15 GMT+0000,2269,Facebook,https://www.facebook.com/GodEmperorTrump2020/posts/2500251863396011
The Committee to Defend the President,885288,Fri Oct 11 2019 01:34:33 GMT+0000,2091,Facebook,https://www.facebook.com/CommitteeToDefendThePresident/posts/1373834689443463
Women for Trump,46686,Fri Oct 11 2019 13:34:18 GMT+0000,1928,Facebook,https://www.facebook.com/WomenforTrump20/posts/779014312515954
Red Symposium,158325,Sat Oct 12 2019 04:42:39 GMT+0000,1738,Facebook,https://www.facebook.com/RedSymposium/posts/547202846015568
Red Symposium,159219,Thu Oct 17 2019 02:42:55 GMT+0000,1643,Facebook,https://www.facebook.com/RedSymposium/posts/550938418975344
Trump 2020,711725,Fri Oct 11 2019 00:51:47 GMT+0000,1641,Facebook,https://www.facebook.com/ElectTrump2020/posts/1509244245891674
Team Trump,148349,Tue Oct 08 2019 20:56:45 GMT+0000,1569,Facebook,https://www.facebook.com/officialteamtrump/posts/2432789830343893
Trump 2020,232825,Sat Oct 12 2019 04:42:12 GMT+0000,1497,Facebook,https://www.facebook.com/GodEmperorTrump2020/posts/2489535921134272
Conservative Renaissance,164872,Thu Oct 10 2019 22:41:35 GMT+0000,1481,Facebook,https://www.facebook.com/TheConservativeRenaissance/posts/498123894106720
Red Symposium,159219,Thu Oct 17 2019 02:40:39 GMT+0000,1456,Facebook,https://www.facebook.com/RedSymposium/posts/550936825642170
LEXIT,137251,Thu Oct 10 2019 21:31:44 GMT+0000,1321,Facebook,https://www.facebook.com/LEXITMovement/posts/446111942923967
Red Symposium,158325,Sat Oct 12 2019 04:49:52 GMT+0000,1306,Facebook,https://www.facebook.com/RedSymposium/posts/547206006015252
Team Trump,157239,Sun Oct 13 2019 18:02:36 GMT+0000,1264,Facebook,https://www.facebook.com/officialteamtrump/posts/2437063229916553
Conservative Renaissance,165290,Sat Oct 12 2019 04:42:24 GMT+0000,1222,Facebook,https://www.facebook.com/TheConservativeRenaissance/posts/499013600684416
Sid Miller,821216,Wed Oct 16 2019 16:31:04 GMT+0000,1186,Facebook,https://www.facebook.com/MillerForTexas/posts/2648828248672663
Trump 2020,231942,Thu Oct 10 2019 01:39:22 GMT+0000,1139,Facebook,https://www.facebook.com/GodEmperorTrump2020/posts/2485202431567621
Trump 2020,232350,Fri Oct 11 2019 01:13:04 GMT+0000,1120,Facebook,https://www.facebook.com/GodEmperorTrump2020/posts/2487179324703265
Minnesota Gun Rights,143501,Fri Oct 11 2019 00:56:22 GMT+0000,1022,Facebook,https://www.facebook.com/MinnesotaGunRights/posts/1391698744311333
The Hispanic Conservative,118429,Thu Oct 10 2019 21:31:51 GMT+0000,1005,Facebook,https://www.facebook.com/thc1776/posts/451574542383641
Team Trump,155367,Sat Oct 12 2019 20:17:20 GMT+0000,1000,Facebook,https://www.facebook.com/officialteamtrump/posts/2436282093328000
Conservative Renaissance,164872,Thu Oct 10 2019 01:39:50 GMT+0000,990,Facebook,https://www.facebook.com/TheConservativeRenaissance/posts/497542544164855
QCN,148415,Sat Oct 12 2019 04:43:09 GMT+0000,966,Facebook,https://www.facebook.com/QuotidianConservativeNews/posts/2692885867434668
Red Symposium,159219,Thu Oct 17 2019 02:34:16 GMT+0000,955,Facebook,https://www.facebook.com/RedSymposium/posts/550933322309187
Bill O'Reilly fan group,109110,Thu Oct 10 2019 22:28:01 GMT+0000,955,Facebook,https://www.facebook.com/groups/142529582942633/permalink/745151309347121
Team Trump,160074,Thu Oct 17 2019 18:54:14 GMT+0000,943,Facebook,https://www.facebook.com/officialteamtrump/posts/2440799326209610
Team Trump,147263,Mon Oct 07 2019 21:21:20 GMT+0000,927,Facebook,https://www.facebook.com/officialteamtrump/posts/2431964533759756
Conservative Renaissance,165084,Fri Oct 11 2019 01:13:15 GMT+0000,896,Facebook,https://www.facebook.com/TheConservativeRenaissance/posts/498183520767424
Trump & The Great America,2204960,Thu Oct 17 2019 19:24:18 GMT+0000,886,Facebook,https://www.facebook.com/presidentdonaldtrump16/posts/1289138494622421
LEXIT,140116,Wed Oct 16 2019 22:30:07 GMT+0000,885,Facebook,https://www.facebook.com/LEXITMovement/posts/450644612470700
Team Trump 2020,48036,Fri Oct 11 2019 04:38:34 GMT+0000,885,Facebook,https://www.facebook.com/groups/158123834849659/permalink/463312150997491
Team Trump,159098,Tue Oct 15 2019 23:21:47 GMT+0000,882,Facebook,https://www.facebook.com/officialteamtrump/posts/2439122869710589
Team Trump,149413,Wed Oct 09 2019 18:27:21 GMT+0000,872,Facebook,https://www.facebook.com/officialteamtrump/posts/2433544220268454
Team Trump,148349,Tue Oct 08 2019 02:19:29 GMT+0000,841,Facebook,https://www.facebook.com/officialteamtrump/posts/2432109317078611
Conservative Renaissance,166442,Thu Oct 17 2019 02:42:21 GMT+0000,809,Facebook,https://www.facebook.com/TheConservativeRenaissance/posts/502481447004298
Cowboys For Trump,64763,Fri Oct 11 2019 20:37:28 GMT+0000,808,Facebook,https://www.facebook.com/baredown/posts/1403263993173882
Trump 2020,232825,Sat Oct 12 2019 04:49:13 GMT+0000,805,Facebook,https://www.facebook.com/GodEmperorTrump2020/posts/2489544447800086
Trump 2020,232350,Fri Oct 11 2019 22:40:48 GMT+0000,792,Facebook,https://www.facebook.com/GodEmperorTrump2020/posts/2489063154514882
Team Trump,148349,Tue Oct 08 2019 14:53:21 GMT+0000,778,Facebook,https://www.facebook.com/officialteamtrump/posts/2432559587033584
QAnon Great Awakening,108555,Wed Oct 16 2019 23:49:20 GMT+0000,760,Facebook,https://www.facebook.com/VanVonQanon/posts/953201411701837
Texas for Donald Trump 2020,284732,Wed Oct 16 2019 22:50:52 GMT+0000,727,Facebook,https://www.facebook.com/Texasfordonaldtrump2020/posts/2488486784567711
Texas for Donald Trump 2020,284732,Wed Oct 16 2019 22:50:14 GMT+0000,718,Facebook,https://www.facebook.com/Texasfordonaldtrump2020/posts/2488485737901149
President United States Fan Club,25508,Thu Oct 17 2019 07:46:41 GMT+0000,674,Facebook,https://www.facebook.com/groups/122505631790240/permalink/416064029101064
Team Trump,149413,Wed Oct 09 2019 21:36:25 GMT+0000,669,Facebook,https://www.facebook.com/officialteamtrump/posts/2433645480258328
Conservative Renaissance,165290,Sat Oct 12 2019 04:49:25 GMT+0000,654,Facebook,https://www.facebook.com/TheConservativeRenaissance/posts/499016490684127
Trump - People’s Grassroots National Campaign News,7221,Fri Oct 11 2019 03:45:35 GMT+0000,643,Facebook,https://www.facebook.com/163402281058320/posts/502655897132955
Trump 2020,233225,Sun Oct 13 2019 04:49:56 GMT+0000,637,Facebook,https://www.facebook.com/GodEmperorTrump2020/posts/2491657230922141
HKG報 HKGpao,241870,Sat Oct 12 2019 09:30:00 GMT+0000,623,Facebook,https://www.facebook.com/hkgpaocom/posts/1375480262657245
Conservative Renaissance,166442,Thu Oct 17 2019 02:33:24 GMT+0000,604,Facebook,https://www.facebook.com/TheConservativeRenaissance/posts/502476263671483
Trump 2020,235085,Thu Oct 17 2019 02:32:39 GMT+0000,604,Facebook,https://www.facebook.com/GodEmperorTrump2020/posts/2500241193397078
Red Symposium,157940,Thu Oct 10 2019 01:39:09 GMT+0000,594,Facebook,https://www.facebook.com/RedSymposium/posts/545675522834967
"Trump ""The People's President""",82143,Fri Oct 11 2019 13:14:40 GMT+0000,588,Facebook,https://www.facebook.com/618144551661943/posts/1588690751273980
Trump  In God We Trust,195120,Sat Oct 12 2019 14:53:03 GMT+0000,580,Facebook,https://www.facebook.com/1665111757101345/posts/2460177444261435
Women for Trump,45762,Tue Oct 08 2019 02:28:18 GMT+0000,578,Facebook,https://www.facebook.com/WomenforTrump20/posts/776491456101573
QCN,148415,Sat Oct 12 2019 04:50:27 GMT+0000,575,Facebook,https://www.facebook.com/QuotidianConservativeNews/posts/2692894494100472
Melania Trump America's First Lady,17401,Fri Oct 11 2019 06:41:00 GMT+0000,575,Facebook,https://www.facebook.com/groups/239256783242707/permalink/723911838110530
Trump For President 2020,208200,Fri Oct 11 2019 00:36:29 GMT+0000,562,Facebook,https://www.facebook.com/groups/235812096861618/permalink/897596580683163
Trump God and Guns,7343,Sat Oct 12 2019 02:16:48 GMT+0000,539,Facebook,https://www.facebook.com/2024192924530146/posts/2418091648473603
Donald Trump 2020,28296,Wed Oct 09 2019 16:27:21 GMT+0000,527,Facebook,https://www.facebook.com/DonJTrump2020/posts/2188305111470011
Bill O'Reilly fan group,109077,Wed Oct 09 2019 23:36:44 GMT+0000,510,Facebook,https://www.facebook.com/groups/142529582942633/permalink/744458356083083
Red Symposium,159219,Thu Oct 17 2019 02:33:08 GMT+0000,505,Facebook,https://www.facebook.com/RedSymposium/posts/550932742309245
Conservative Renaissance,166442,Thu Oct 17 2019 02:34:03 GMT+0000,500,Facebook,https://www.facebook.com/TheConservativeRenaissance/posts/502476630338113
QCN,148420,Fri Oct 11 2019 16:29:00 GMT+0000,493,Facebook,https://www.facebook.com/QuotidianConservativeNews/posts/2691889087534346
Bàn Luận về Kinh Tế - Chính Trị,195773,Sun Oct 13 2019 12:40:36 GMT+0000,486,Facebook,https://www.facebook.com/groups/193292901105002/permalink/866122200488732
Latinos for Trump,10670,Fri Oct 11 2019 13:33:58 GMT+0000,478,Facebook,https://www.facebook.com/LatinosForTrump/posts/688232545022064
We the People,251400,Wed Oct 16 2019 22:59:47 GMT+0000,460,Facebook,https://www.facebook.com/tjf2006/posts/2329996430443143
North Carolina For Donald Trump,66914,Fri Oct 11 2019 07:31:52 GMT+0000,459,Facebook,https://www.facebook.com/ncfortrump/posts/2166348580324163
Team Trump 2020,48036,Fri Oct 11 2019 04:42:03 GMT+0000,449,Facebook,https://www.facebook.com/groups/158123834849659/permalink/463217081006998
Bill O'Reilly fan group,109036,Thu Oct 17 2019 04:02:55 GMT+0000,440,Facebook,https://www.facebook.com/groups/142529582942633/permalink/749909185538000
Team Trump,149413,Wed Oct 09 2019 17:41:26 GMT+0000,427,Facebook,https://www.facebook.com/officialteamtrump/posts/2433517330271143
Ohio For TRUMP,19952,Thu Oct 10 2019 21:24:34 GMT+0000,423,Facebook,https://www.facebook.com/OhioForTrump2020/posts/2405430836250657
Patriotic & Proud,195845,Fri Oct 11 2019 00:53:47 GMT+0000,422,Facebook,https://www.facebook.com/ThePatrioticAndProud/posts/2542956379099591
Defend Trump-Defend Liberty,22201,Fri Oct 11 2019 19:33:28 GMT+0000,413,Facebook,https://www.facebook.com/2341122662775381/posts/2558565711031074
Red Symposium,158136,Fri Oct 11 2019 22:40:20 GMT+0000,410,Facebook,https://www.facebook.com/RedSymposium/posts/547040492698470
STAND WITH TRUMP,49134,Thu Oct 10 2019 04:55:20 GMT+0000,409,Facebook,https://www.facebook.com/Deplorable4Trump/posts/1086514041553647
USA For Trump,15088,Sat Oct 12 2019 00:01:29 GMT+0000,408,Facebook,https://www.facebook.com/groups/178967942692323/permalink/502493807006400
South Dakota Republican Party,13498,Fri Oct 11 2019 05:34:48 GMT+0000,408,Facebook,https://www.facebook.com/SDGOP/posts/10156563429828244
Women for Trump,47062,Sun Oct 13 2019 18:15:21 GMT+0000,406,Facebook,https://www.facebook.com/WomenforTrump20/posts/780743765676342
Women for Trump,46686,Fri Oct 11 2019 02:33:19 GMT+0000,400,Facebook,https://www.facebook.com/WomenforTrump20/posts/778664935884225
Washington State for Trump,7526,Thu Oct 10 2019 21:38:12 GMT+0000,398,Facebook,https://www.facebook.com/WAforTrump/posts/2412216545660211
Conservative Action Group  Inc,8651,Thu Oct 10 2019 23:11:33 GMT+0000,392,Facebook,https://www.facebook.com/ConservativeActionGroupInc/posts/1325850927587032
President United States Fan Club,25324,Wed Oct 16 2019 17:21:40 GMT+0000,384,Facebook,https://www.facebook.com/groups/122505631790240/permalink/415891069118360
QCN,148428,Thu Oct 10 2019 22:41:25 GMT+0000,381,Facebook,https://www.facebook.com/QuotidianConservativeNews/posts/2690434034346518
Bill O'Reilly fan group,109076,Sat Oct 12 2019 04:13:13 GMT+0000,381,Facebook,https://www.facebook.com/groups/142529582942633/permalink/746071172588468
QCN,148372,Thu Oct 17 2019 02:43:10 GMT+0000,379,Facebook,https://www.facebook.com/QuotidianConservativeNews/posts/2704603269596261
Red Symposium,158136,Fri Oct 11 2019 01:12:50 GMT+0000,378,Facebook,https://www.facebook.com/RedSymposium/posts/546378936097959
Bill O'Reilly fan group,109058,Tue Oct 15 2019 22:49:42 GMT+0000,373,Facebook,https://www.facebook.com/groups/142529582942633/permalink/748971675631751
STAND WITH TRUMP,49322,Sat Oct 12 2019 04:34:00 GMT+0000,368,Facebook,https://www.facebook.com/Deplorable4Trump/posts/1088026111402440
Jack Posobiec,37418,Fri Oct 11 2019 07:31:31 GMT+0000,368,Facebook,https://www.facebook.com/JPosobiec/posts/3000233326869393
Trump TV,7369,Fri Oct 11 2019 02:54:18 GMT+0000,366,Facebook,https://www.facebook.com/trumptvofficial/posts/2115222872105785
Trump 2020,231942,Thu Oct 10 2019 08:34:50 GMT+0000,365,Facebook,https://www.facebook.com/GodEmperorTrump2020/posts/2485734998181031
Bikers for America,62577,Thu Oct 10 2019 21:19:50 GMT+0000,363,Facebook,https://www.facebook.com/Bikers4America/posts/1025860724411988
Light Up Trump's Christmas Caboose,124172,Fri Oct 11 2019 16:59:19 GMT+0000,362,Facebook,https://www.facebook.com/1000917043293023/posts/2706891929362184
President United States Fan Club,23645,Fri Oct 11 2019 08:38:27 GMT+0000,357,Facebook,https://www.facebook.com/groups/122505631790240/permalink/412298382810962
Red Symposium,157940,Thu Oct 10 2019 08:35:27 GMT+0000,350,Facebook,https://www.facebook.com/RedSymposium/posts/545874332815086
Trump - People’s Grassroots National Campaign News,7221,Fri Oct 11 2019 01:35:15 GMT+0000,350,Facebook,https://www.facebook.com/163402281058320/posts/502598553805356
Women for Trump,46058,Wed Oct 09 2019 20:05:34 GMT+0000,349,Facebook,https://www.facebook.com/WomenforTrump20/posts/777773235973395
Legal immigrants for Trump 2020 #KAG,18992,Fri Oct 11 2019 03:10:22 GMT+0000,347,Facebook,https://www.facebook.com/1603398536343459/posts/2980496588633640
Latinos For Trump,30907,Sat Oct 12 2019 04:24:22 GMT+0000,345,Facebook,https://www.facebook.com/latinosfortrumpofficial/posts/2820669037945597
The Trump Train,13409,Thu Oct 10 2019 21:03:22 GMT+0000,338,Facebook,https://www.facebook.com/TheTrumpTrainExpress/posts/2459639797404508
Latinos for Trump,10670,Fri Oct 11 2019 20:39:13 GMT+0000,338,Facebook,https://www.facebook.com/LatinosForTrump/posts/688490018329650
Donald Trump For President 2020!!!!!!,180338,Fri Oct 11 2019 00:45:30 GMT+0000,338,Facebook,https://www.facebook.com/groups/1192684914091423/permalink/3353483061344920
Daily Callout,98642,Fri Oct 11 2019 00:47:33 GMT+0000,334,Facebook,https://www.facebook.com/dailycallout/posts/2473832059551496
President United States Fan Club,25508,Thu Oct 17 2019 07:44:50 GMT+0000,330,Facebook,https://www.facebook.com/groups/122505631790240/permalink/416069882433812
Women for President Trump,3292,Fri Oct 11 2019 05:43:38 GMT+0000,329,Facebook,https://www.facebook.com/PoliticalGroups/posts/2312923498833719
Confederate,275734,Thu Oct 10 2019 21:34:40 GMT+0000,328,Facebook,https://www.facebook.com/confederateCSA/posts/2358220354491968
We the People,251400,Wed Oct 16 2019 22:59:17 GMT+0000,328,Facebook,https://www.facebook.com/tjf2006/posts/2329995927109860
We Are Q,13085,Thu Oct 10 2019 21:30:05 GMT+0000,324,Facebook,https://www.facebook.com/groups/229259757779830/permalink/429866821052455
Trump TV,7365,Thu Oct 10 2019 21:02:47 GMT+0000,321,Facebook,https://www.facebook.com/trumptvofficial/posts/2115066625454743
Hidalgo County Young Republicans,21504,Thu Oct 10 2019 21:39:33 GMT+0000,318,Facebook,https://www.facebook.com/HidalgoYR/posts/2364416000443123
Jan Morgan,248371,Sat Oct 12 2019 07:00:39 GMT+0000,317,Facebook,https://www.facebook.com/janmorganhomepage/posts/10214657882031831
Vote Trump 2020,3192,Fri Oct 11 2019 05:16:22 GMT+0000,317,Facebook,https://www.facebook.com/1084463508282747/posts/2731727523556329
Trump God and Guns,7306,Thu Oct 10 2019 22:29:44 GMT+0000,316,Facebook,https://www.facebook.com/2024192924530146/posts/2417141895235245
Team Trump 2020,48044,Wed Oct 09 2019 16:48:05 GMT+0000,314,Facebook,https://www.facebook.com/groups/158123834849659/permalink/462223261106380
Reload,93073,Fri Oct 11 2019 03:11:21 GMT+0000,312,Facebook,https://www.facebook.com/gopreload/posts/1406646269499987
We the People,251422,Fri Oct 11 2019 02:56:01 GMT+0000,312,Facebook,https://www.facebook.com/tjf2006/posts/2318515214924598
We the People,251413,Thu Oct 10 2019 21:59:35 GMT+0000,306,Facebook,https://www.facebook.com/tjf2006/posts/2318127471630039
STAND WITH TRUMP,49226,Fri Oct 11 2019 18:36:06 GMT+0000,305,Facebook,https://www.facebook.com/Deplorable4Trump/posts/1087726434765741
Bill O'Reilly fan group,109063,Mon Oct 14 2019 23:49:00 GMT+0000,301,Facebook,https://www.facebook.com/groups/142529582942633/permalink/748235895705329
Conservative Renaissance,165084,Fri Oct 11 2019 22:38:41 GMT+0000,301,Facebook,https://www.facebook.com/TheConservativeRenaissance/posts/498851480700628
Deplorables,14287,Fri Oct 11 2019 01:30:15 GMT+0000,300,Facebook,https://www.facebook.com/WeServeTheDeplorables/posts/2402809079834923
Women for President Donald J. Trump,5637,Thu Oct 10 2019 22:56:57 GMT+0000,300,Facebook,https://www.facebook.com/WomenforPresidentDonaldTrump/posts/2394878374158740
We the People,251400,Wed Oct 16 2019 22:43:03 GMT+0000,296,Facebook,https://www.facebook.com/tjf2006/posts/2329978193778300
Deplorables,206974,Fri Oct 11 2019 00:53:22 GMT+0000,290,Facebook,https://www.facebook.com/Deplorables1/posts/962159100809277
QCN,148372,Thu Oct 17 2019 02:40:23 GMT+0000,288,Facebook,https://www.facebook.com/QuotidianConservativeNews/posts/2704599786263276
President United States Fan Club,22916,Tue Oct 08 2019 12:37:53 GMT+0000,283,Facebook,https://www.facebook.com/groups/122505631790240/permalink/410270943013706
Planet Common Sense,11222,Fri Oct 11 2019 13:41:18 GMT+0000,282,Facebook,https://www.facebook.com/glenpcs1/posts/717478235395990
OperationFlagDrop,27776,Thu Oct 10 2019 23:19:01 GMT+0000,281,Facebook,https://www.facebook.com/groups/1332677140205350/permalink/1596248177181577
Silent Majority Chooses Greatness Trump 2020,212771,Thu Oct 10 2019 21:57:47 GMT+0000,277,Facebook,https://www.facebook.com/choiceofsilentmajority/posts/962758204059997
Republican Party of Louisiana (LAGOP),87306,Sat Oct 12 2019 05:10:19 GMT+0000,277,Facebook,https://www.facebook.com/lagop/posts/10157748993204747
Americans for Trump,129071,Sat Oct 12 2019 04:33:07 GMT+0000,277,Facebook,https://www.facebook.com/makeamericasafeagain/posts/2725394674171553
Women for Trump,48203,Tue Oct 15 2019 20:47:43 GMT+0000,272,Facebook,https://www.facebook.com/WomenforTrump20/posts/782305058853546
USA For Trump,15088,Sun Oct 13 2019 01:32:19 GMT+0000,270,Facebook,https://www.facebook.com/groups/178967942692323/permalink/503438870245227
President United States Fan Club,25508,Thu Oct 17 2019 07:44:02 GMT+0000,268,Facebook,https://www.facebook.com/groups/122505631790240/permalink/416071445766989
Trump God and Guns,7343,Sat Oct 12 2019 02:17:27 GMT+0000,263,Facebook,https://www.facebook.com/2024192924530146/posts/2418092041806897
Trump Landslide 2020,3947,Fri Oct 11 2019 03:21:08 GMT+0000,262,Facebook,https://www.facebook.com/MAGACENTRAL2020/posts/424338204891050
QCN,148372,Thu Oct 17 2019 02:34:31 GMT+0000,260,Facebook,https://www.facebook.com/QuotidianConservativeNews/posts/2704591839597404
Trump God and Guns,7343,Sat Oct 12 2019 23:11:53 GMT+0000,257,Facebook,https://www.facebook.com/2024192924530146/posts/2418827188400049
Trump 2020,232350,Fri Oct 11 2019 22:37:48 GMT+0000,256,Facebook,https://www.facebook.com/GodEmperorTrump2020/posts/2489058984515299
Trump God and Guns,7306,Thu Oct 10 2019 22:30:53 GMT+0000,254,Facebook,https://www.facebook.com/2024192924530146/posts/2417142465235188
Trump God and Guns,7288,Wed Oct 09 2019 00:17:07 GMT+0000,250,Facebook,https://www.facebook.com/2024192924530146/posts/2415539338728834
Donald J. Trump  A Man For Our Times,21548,Thu Oct 10 2019 08:28:46 GMT+0000,250,Facebook,https://www.facebook.com/donaldjtrumpamanforourtimes/posts/2349382658615776
Team Trump 2020,22664,Thu Oct 10 2019 21:13:48 GMT+0000,249,Facebook,https://www.facebook.com/TeamTrump2020US/posts/2743472652340226
Ivanka Trump for USA's 1st female President Supporters,9577,Fri Oct 11 2019 00:43:30 GMT+0000,248,Facebook,https://www.facebook.com/1271477049636854/posts/2609658282485384
Oregon For President Donald Trump,6200,Thu Oct 10 2019 23:45:00 GMT+0000,247,Facebook,https://www.facebook.com/Oregon4Trump/posts/915485352167269
Donald Trump sending Hillary to prison 2020,25369,Thu Oct 17 2019 01:09:02 GMT+0000,242,Facebook,https://www.facebook.com/trumpsendinghillarytoprison/posts/995973634078145
Tea Party,97835,Fri Oct 11 2019 10:29:43 GMT+0000,241,Facebook,https://www.facebook.com/groups/62301951331/permalink/10156723591926332
Women 4 Trump,6948,Sat Oct 12 2019 16:22:25 GMT+0000,239,Facebook,https://www.facebook.com/women4trumppage/posts/2601713869896251
Donald Trump - Montana's Choice for President,8118,Fri Oct 11 2019 19:22:11 GMT+0000,239,Facebook,https://www.facebook.com/TrumpMontanasChoiceForPresident/posts/1507740239368148
KIMT News 3,45868,Thu Oct 10 2019 21:52:52 GMT+0000,238,Facebook,https://www.facebook.com/KIMTNews3/posts/10157655515299855
Mike Quigley,4236,Thu Oct 17 2019 00:32:38 GMT+0000,238,Facebook,https://www.facebook.com/QuigleyForCongress/posts/1140661022791474
Cubans for Trump,4202,Fri Oct 11 2019 03:47:52 GMT+0000,238,Facebook,https://www.facebook.com/Cubansfortrump/posts/2456234964626977
Latinos for Trump,10868,Sun Oct 13 2019 18:15:03 GMT+0000,236,Facebook,https://www.facebook.com/LatinosForTrump/posts/690009694844349
Trump supporters,9024,Fri Oct 11 2019 18:28:25 GMT+0000,236,Facebook,https://www.facebook.com/1817787608350090/posts/2258563820939131
Donald Trump Politically Incorrect and we love it,24278,Fri Oct 11 2019 00:28:35 GMT+0000,234,Facebook,https://www.facebook.com/135454467259357/posts/552717582199708
Deplorables,207090,Mon Oct 14 2019 19:20:36 GMT+0000,233,Facebook,https://www.facebook.com/Deplorables1/posts/965201453838375
Trump  In God We Trust,195126,Fri Oct 11 2019 20:45:39 GMT+0000,230,Facebook,https://www.facebook.com/1665111757101345/posts/2459562870989559
Conservative Renaissance,165490,Sun Oct 13 2019 04:49:48 GMT+0000,229,Facebook,https://www.facebook.com/TheConservativeRenaissance/posts/499731073946002
OperationFlagDrop,28049,Fri Oct 11 2019 00:54:10 GMT+0000,229,Facebook,https://www.facebook.com/groups/1332677140205350/permalink/1596334097172985
USA For Trump,15098,Tue Oct 08 2019 00:43:51 GMT+0000,226,Facebook,https://www.facebook.com/groups/178967942692323/permalink/499705813951866
TRUMP PARTY,2651,Sat Oct 12 2019 05:50:29 GMT+0000,226,Facebook,https://www.facebook.com/TRUMPLOVESAMERICA/posts/2544311112522139
Red Symposium,158136,Fri Oct 11 2019 22:38:21 GMT+0000,226,Facebook,https://www.facebook.com/RedSymposium/posts/547039539365232
Trump mafia 2020,19242,Sun Oct 13 2019 15:06:44 GMT+0000,225,Facebook,https://www.facebook.com/trumpmafia2020/posts/2688780984520517
Washington State for Trump,7601,Sun Oct 13 2019 20:26:09 GMT+0000,225,Facebook,https://www.facebook.com/WAforTrump/posts/2414699862078546
Donald Trump - God's Choice for America!!!,44774,Mon Oct 14 2019 08:04:17 GMT+0000,225,Facebook,https://www.facebook.com/groups/1537854269845884/permalink/2265095953788375
Conservative Renaissance,164872,Thu Oct 10 2019 08:35:02 GMT+0000,224,Facebook,https://www.facebook.com/TheConservativeRenaissance/posts/497715524147557
Democrats for Trump 2020,8571,Wed Oct 09 2019 11:22:26 GMT+0000,222,Facebook,https://www.facebook.com/542599115898074/posts/1378161415675169
Latinos for Trump,10182,Wed Oct 09 2019 20:06:07 GMT+0000,220,Facebook,https://www.facebook.com/LatinosForTrump/posts/687010865144232
Trump God and Guns,7288,Wed Oct 09 2019 00:16:51 GMT+0000,220,Facebook,https://www.facebook.com/2024192924530146/posts/2415539162062185
Conservative Action Group  Inc,8700,Wed Oct 16 2019 23:41:15 GMT+0000,219,Facebook,https://www.facebook.com/ConservativeActionGroupInc/posts/1331357460369712
Tucker Carlson Fans,1440,Fri Oct 11 2019 02:57:51 GMT+0000,218,Facebook,https://www.facebook.com/groups/358310851193262/permalink/942310629459945
Trump's Family,4725,Tue Oct 08 2019 14:20:43 GMT+0000,215,Facebook,https://www.facebook.com/groups/482531962294561/permalink/508478183033272
Trump 2020 America First,21477,Sat Oct 12 2019 05:16:14 GMT+0000,213,Facebook,https://www.facebook.com/www.usafordonaldtrump2020/posts/2638670322860365
Trump's Family,5035,Thu Oct 10 2019 02:35:31 GMT+0000,212,Facebook,https://www.facebook.com/groups/482531962294561/permalink/509463196268104
TRUMP & PENCE 411 - The Truth,39603,Thu Oct 10 2019 21:35:44 GMT+0000,212,Facebook,https://www.facebook.com/groups/1062613063823803/permalink/2570196603065434
Donald Trump - God's Choice for America!!!,44796,Wed Oct 09 2019 23:44:58 GMT+0000,208,Facebook,https://www.facebook.com/groups/1537854269845884/permalink/2261864334111537
Light Up Trump's Christmas Caboose,124178,Thu Oct 10 2019 23:12:10 GMT+0000,207,Facebook,https://www.facebook.com/1000917043293023/posts/2705395342845176
Conservative Renaissance,165084,Fri Oct 11 2019 22:40:09 GMT+0000,205,Facebook,https://www.facebook.com/TheConservativeRenaissance/posts/498852147367228
Trump TV,7375,Wed Oct 16 2019 23:19:38 GMT+0000,205,Facebook,https://www.facebook.com/trumptvofficial/posts/2119663584995047
Donald Trump - God's Choice for America!!!,44769,Wed Oct 16 2019 22:30:24 GMT+0000,204,Facebook,https://www.facebook.com/groups/1537854269845884/permalink/2267530616878242
Donald Trump - God's Choice for America!!!,44788,Fri Oct 11 2019 03:56:19 GMT+0000,204,Facebook,https://www.facebook.com/groups/1537854269845884/permalink/2262805870684050
STAND WITH TRUMP,48917,Tue Oct 08 2019 17:23:46 GMT+0000,203,Facebook,https://www.facebook.com/Deplorable4Trump/posts/1085409681664083
PNN - Private News Network,90679,Tue Oct 15 2019 21:16:15 GMT+0000,195,Facebook,https://www.facebook.com/PVTNewsNetwork/posts/2497693333796909
Texas for Donald Trump 2020,284371,Mon Oct 14 2019 21:18:16 GMT+0000,191,Facebook,https://www.facebook.com/Texasfordonaldtrump2020/posts/2482939595122430
President United States Fan Club,23426,Thu Oct 10 2019 08:13:36 GMT+0000,191,Facebook,https://www.facebook.com/groups/122505631790240/permalink/411536016220532
Maga Nationwide  LLC,4257,Thu Oct 10 2019 21:21:41 GMT+0000,190,Facebook,https://www.facebook.com/maganationwide/posts/692516331234056
Trump God and Guns,7367,Thu Oct 17 2019 02:58:29 GMT+0000,190,Facebook,https://www.facebook.com/2024192924530146/posts/2422507161365385
Trump Country - USA,44627,Fri Oct 11 2019 00:10:35 GMT+0000,186,Facebook,https://www.facebook.com/yourcountryusa/posts/572144916927544
Rebel Cowgirl's Conservative Roundup,12377,Thu Oct 10 2019 21:40:55 GMT+0000,181,Facebook,https://www.facebook.com/rebelcowgirlsconservativeroundup/posts/2375005442751838
Rob Arlett For Delaware,6038,Fri Oct 11 2019 00:51:39 GMT+0000,174,Facebook,https://www.facebook.com/ArlettForDelaware/posts/1326743037492923
Ohio For TRUMP,19949,Fri Oct 11 2019 19:43:15 GMT+0000,172,Facebook,https://www.facebook.com/OhioForTrump2020/posts/2407336562726751
Rob Arlett For Delaware,6042,Tue Oct 15 2019 21:17:50 GMT+0000,160,Facebook,https://www.facebook.com/ArlettForDelaware/posts/1331235900376970
Trump God and Guns,7244,Mon Oct 07 2019 23:33:02 GMT+0000,159,Facebook,https://www.facebook.com/2024192924530146/posts/2414682522147849
KIMT News 3,45864,Fri Oct 11 2019 00:48:39 GMT+0000,158,Facebook,https://www.facebook.com/KIMTNews3/posts/10157655846454855
Conservative Action Group  Inc,8664,Fri Oct 11 2019 00:48:20 GMT+0000,158,Facebook,https://www.facebook.com/ConservativeActionGroupInc/posts/1325900687582056
Trump is awesome,8887,Fri Oct 11 2019 20:15:06 GMT+0000,158,Facebook,https://www.facebook.com/AwesomeDonaldTrump/posts/759042241210458
QCN,148420,Fri Oct 11 2019 01:13:24 GMT+0000,157,Facebook,https://www.facebook.com/QuotidianConservativeNews/posts/2690613820995206
Trump God and Guns,7343,Sat Oct 12 2019 02:17:17 GMT+0000,157,Facebook,https://www.facebook.com/2024192924530146/posts/2418091935140241
I AM THE TEA PARTY!,193446,Wed Oct 09 2019 18:35:02 GMT+0000,155,Facebook,https://www.facebook.com/IamTheTeaParty/posts/2470291613006870
Women For President Trump Make America Great Again,15940,Thu Oct 10 2019 22:57:06 GMT+0000,153,Facebook,https://www.facebook.com/womenforpresidenttrump/posts/936353390053099
Tom Tiffany,1165,Thu Oct 10 2019 23:56:08 GMT+0000,152,Facebook,https://www.facebook.com/TomTiffanyWI/posts/140241814026879
Trump Country - USA,44627,Fri Oct 11 2019 00:47:32 GMT+0000,150,Facebook,https://www.facebook.com/yourcountryusa/posts/572161473592555
Trump  Amen Time To Win,7558,Sat Oct 12 2019 03:33:37 GMT+0000,148,Facebook,https://www.facebook.com/Trumpamen/posts/2342796002651293
Women for Trump,49150,Thu Oct 17 2019 20:40:52 GMT+0000,145,Facebook,https://www.facebook.com/WomenforTrump20/posts/783896358694416
In Trump We Trust,22255,Thu Oct 10 2019 22:12:40 GMT+0000,144,Facebook,https://www.facebook.com/InTrumpWeTrust1/posts/721027254975426
We the People,251395,Thu Oct 17 2019 09:21:16 GMT+0000,143,Facebook,https://www.facebook.com/tjf2006/posts/2330741097035343
Trump Hat 2020,1701,Fri Oct 11 2019 22:37:20 GMT+0000,143,Facebook,https://www.facebook.com/TrumpHat2020/posts/386864058868700
The Republican Party of Riverside County-Official,5159,Fri Oct 11 2019 18:45:11 GMT+0000,139,Facebook,https://www.facebook.com/riversidegop/posts/10157858019878392
The Trump Guard,6771,Sat Oct 12 2019 04:03:11 GMT+0000,138,Facebook,https://www.facebook.com/TrumpGuard/posts/811902979231127
The Art Of BadASSery,193109,Fri Oct 11 2019 00:33:27 GMT+0000,136,Facebook,https://www.facebook.com/Aobadasey/posts/2375211035911386
Trumps Reserves,8684,Thu Oct 10 2019 12:34:51 GMT+0000,136,Facebook,https://www.facebook.com/TrumpsReserves/posts/2230930573863993
Douglas County Republicans,6397,Fri Oct 11 2019 01:16:39 GMT+0000,135,Facebook,https://www.facebook.com/dcgop/posts/10156706915945415
The Hispanic Conservative,122890,Wed Oct 16 2019 19:26:47 GMT+0000,132,Facebook,https://www.facebook.com/thc1776/posts/456070498600712
Trump For President,4655,Thu Oct 10 2019 21:23:32 GMT+0000,129,Facebook,https://www.facebook.com/770712309738502/posts/1528274717315587
South Dakota Republican Party,13498,Fri Oct 11 2019 00:48:41 GMT+0000,128,Facebook,https://www.facebook.com/SDGOP/posts/10156562954133244
STAND WITH TRUMP,49036,Wed Oct 09 2019 19:23:20 GMT+0000,127,Facebook,https://www.facebook.com/Deplorable4Trump/posts/1086238711581180
The Trump Card,6412,Fri Oct 11 2019 01:58:26 GMT+0000,126,Facebook,https://www.facebook.com/trumppatriot/posts/975868139420989
Nationwide Support For Donald J Trump,31259,Thu Oct 10 2019 22:28:22 GMT+0000,123,Facebook,https://www.facebook.com/564747513888167/posts/940183113011270
Trump TV,7369,Fri Oct 11 2019 00:47:49 GMT+0000,121,Facebook,https://www.facebook.com/trumptvofficial/posts/2115164785444927
Fed-Up P8riots,14371,Fri Oct 11 2019 18:31:56 GMT+0000,119,Facebook,https://www.facebook.com/253839542232584/posts/396474784635725
Phillip C Parrish for Minnesota,8752,Fri Oct 11 2019 02:01:37 GMT+0000,117,Facebook,https://www.facebook.com/PhillipCParrishforMinnesota/posts/1117442581797360
Trump Hat 2020,1701,Fri Oct 11 2019 22:39:24 GMT+0000,115,Facebook,https://www.facebook.com/TrumpHat2020/posts/386864848868621
Washington State for Donald Trump 2020,179937,Fri Oct 11 2019 01:08:53 GMT+0000,114,Facebook,https://www.facebook.com/WAStateforDonaldTrump2020/posts/2595433663848262
Gavin Clarkson for Senate,43254,Wed Oct 16 2019 22:15:01 GMT+0000,112,Facebook,https://www.facebook.com/GavinforNM/posts/711406092697444
TRUMP 2020,3122,Thu Oct 10 2019 13:01:31 GMT+0000,112,Facebook,https://www.facebook.com/elect46/posts/412808972751053
Trump God and Guns,7367,Thu Oct 17 2019 02:57:41 GMT+0000,111,Facebook,https://www.facebook.com/2024192924530146/posts/2422506588032109
Utah for Donald Trump,6226,Thu Oct 10 2019 12:47:06 GMT+0000,110,Facebook,https://www.facebook.com/UtahForDonaldTrump/posts/2213564285610152
Trump's Troops,803,Thu Oct 10 2019 22:46:03 GMT+0000,110,Facebook,https://www.facebook.com/trumpstroops/posts/1256523007852338
Trump TV,7374,Tue Oct 15 2019 10:44:43 GMT+0000,109,Facebook,https://www.facebook.com/trumptvofficial/posts/2118469555114450
All I Ask stand With Trump /Pence-Powered by Friends of Trump UK,3214,Fri Oct 11 2019 18:38:04 GMT+0000,109,Facebook,https://www.facebook.com/1880995648794229/posts/2649261391967647
The Constitutional Citizen,9787,Sat Oct 12 2019 10:32:24 GMT+0000,108,Facebook,https://www.facebook.com/TheConstitutionalCitizen/posts/2436846969764980
Socialism Sucks,171093,Wed Oct 16 2019 12:40:34 GMT+0000,107,Facebook,https://www.facebook.com/FreedomFromSocialism/posts/1580025232122123
Silence Is Consent - US Border Invasion,5466,Fri Oct 11 2019 04:17:34 GMT+0000,107,Facebook,https://www.facebook.com/SilenceIsConsentUsBorderInvasion/posts/3422307097779768
Making America 1st,20385,Fri Oct 11 2019 00:54:16 GMT+0000,106,Facebook,https://www.facebook.com/makingamerica1st/posts/2403021873269080
Utah for Donald Trump,6228,Wed Oct 16 2019 16:46:50 GMT+0000,103,Facebook,https://www.facebook.com/UtahForDonaldTrump/posts/2218617695104811
Trump Hat 2020,1701,Fri Oct 11 2019 01:22:48 GMT+0000,103,Facebook,https://www.facebook.com/TrumpHat2020/posts/386260555595717
Trump Hat 2020,1701,Fri Oct 11 2019 22:40:25 GMT+0000,103,Facebook,https://www.facebook.com/TrumpHat2020/posts/386865248868581
Think Conservative,92061,Wed Oct 09 2019 18:39:05 GMT+0000,101,Facebook,https://www.facebook.com/ThinkconservativeUSA/posts/1270394809807068
Support for President Donald Trump,1957,Mon Oct 07 2019 23:52:12 GMT+0000,100,Facebook,https://www.facebook.com/SupportDonaldTrumpforPresident/posts/1249527825219685
Bikers for America,62515,Tue Oct 08 2019 22:56:50 GMT+0000,99,Facebook,https://www.facebook.com/Bikers4America/posts/1024252717906122
Jack Posobiec,37965,Wed Oct 16 2019 23:40:30 GMT+0000,99,Facebook,https://www.facebook.com/JPosobiec/posts/3006611956231530
STAND WITH TRUMP,49134,Thu Oct 10 2019 04:55:01 GMT+0000,98,Facebook,https://www.facebook.com/Deplorable4Trump/posts/1086513918220326
The Right View Of The United States,18393,Thu Oct 10 2019 21:38:48 GMT+0000,98,Facebook,https://www.facebook.com/TheRightViewOfTheUnitedStates/posts/409851993279467
Deplorables,14275,Thu Oct 10 2019 17:56:59 GMT+0000,97,Facebook,https://www.facebook.com/WeServeTheDeplorables/posts/2402258099890021
Light Up Trump's Christmas Caboose,124172,Fri Oct 11 2019 23:36:22 GMT+0000,95,Facebook,https://www.facebook.com/1000917043293023/posts/2707452652639445
Vote Trump 2020,3192,Fri Oct 11 2019 15:40:09 GMT+0000,94,Facebook,https://www.facebook.com/1084463508282747/posts/2732636590132089
Trump Pence 2020,56582,Thu Oct 10 2019 22:12:09 GMT+0000,93,Facebook,https://www.facebook.com/TrumpPenceforAmerica/posts/2842058425805646
Conservative Republicans,3743,Thu Oct 10 2019 21:36:00 GMT+0000,92,Facebook,https://www.facebook.com/conservativerepublicannews/posts/698869417258410
Trump Hat 2020,1701,Fri Oct 11 2019 22:29:46 GMT+0000,90,Facebook,https://www.facebook.com/TrumpHat2020/posts/386860962202343
Light Up Trump's Christmas Caboose,124172,Fri Oct 11 2019 23:37:23 GMT+0000,89,Facebook,https://www.facebook.com/1000917043293023/posts/2707453812639329
Colorado for Donald Trump 2020,163651,Fri Oct 11 2019 18:48:38 GMT+0000,89,Facebook,https://www.facebook.com/Colorado4DonaldTrump/posts/2404539146464553
Trump TV,7365,Thu Oct 10 2019 13:27:31 GMT+0000,88,Facebook,https://www.facebook.com/trumptvofficial/posts/2114819058812833
Big Johnson Media,75771,Fri Oct 11 2019 00:47:10 GMT+0000,84,Facebook,https://www.facebook.com/BigJohnsonMedia/posts/979799039021026
"Trump ""The People's President""",82150,Tue Oct 08 2019 13:51:04 GMT+0000,84,Facebook,https://www.facebook.com/618144551661943/posts/1585942844882104
Light Up Trump's Christmas Caboose,124172,Fri Oct 11 2019 23:37:45 GMT+0000,83,Facebook,https://www.facebook.com/1000917043293023/posts/2707454222639288
Club 45 USA,4886,Thu Oct 17 2019 01:12:03 GMT+0000,83,Facebook,https://www.facebook.com/Club45USA/posts/2100433920263960
Trump TV,7360,Tue Oct 08 2019 14:07:52 GMT+0000,82,Facebook,https://www.facebook.com/trumptvofficial/posts/2113401855621220
Uncle Sam's American Patriots,59876,Wed Oct 16 2019 16:35:35 GMT+0000,80,Facebook,https://www.facebook.com/unclesamsamericanpatriots/posts/793641974428835
Texas For Trump,24785,Mon Oct 14 2019 19:46:32 GMT+0000,80,Facebook,https://www.facebook.com/TexasForTrump/posts/2408672012585428
Periódico Patria 1892,28906,Fri Oct 11 2019 00:48:58 GMT+0000,79,Facebook,https://www.facebook.com/AdrianlavozdeCuba/posts/515999745863628
Joseph Molnar,5217,Fri Oct 11 2019 00:48:03 GMT+0000,78,Facebook,https://www.facebook.com/JosephMolnarPolitics/posts/1274982752672706
Trump TV,7374,Tue Oct 15 2019 01:38:34 GMT+0000,77,Facebook,https://www.facebook.com/trumptvofficial/posts/2118207281807344
The People's Party,24714,Thu Oct 10 2019 21:59:44 GMT+0000,77,Facebook,https://www.facebook.com/742127702474044/posts/2655892641097531
America 1st Patriots for President Donald J Trump,8584,Wed Oct 09 2019 09:11:38 GMT+0000,77,Facebook,https://www.facebook.com/AmericaFirstPatriotsforPresidentDonaldJTrump/posts/2514949758572385
Respect President Trump,2684,Fri Oct 11 2019 05:37:54 GMT+0000,77,Facebook,https://www.facebook.com/RPTRUMPH/posts/3072374779470983
Trump  Amen Time To Win,7558,Sat Oct 12 2019 03:35:36 GMT+0000,77,Facebook,https://www.facebook.com/Trumpamen/posts/2342796979317862
Minnesota 7th Congressional District Republican Party,1128,Thu Oct 10 2019 21:25:44 GMT+0000,77,Facebook,https://www.facebook.com/mncd7gop/posts/10163206590815377
Fed-Up Patriots,20966,Fri Oct 11 2019 18:31:40 GMT+0000,76,Facebook,https://www.facebook.com/feduppatri0ts/posts/523630868205308
We the People,251390,Wed Oct 09 2019 18:35:20 GMT+0000,75,Facebook,https://www.facebook.com/tjf2006/posts/2316034345172685
Hidalgo County Young Republicans,21546,Wed Oct 16 2019 22:26:56 GMT+0000,75,Facebook,https://www.facebook.com/HidalgoYR/posts/2369414449943278
Trump  Amen Time To Win,7573,Mon Oct 14 2019 17:56:12 GMT+0000,75,Facebook,https://www.facebook.com/Trumpamen/posts/2344944695769757
Daily Callout,98994,Thu Oct 17 2019 00:10:39 GMT+0000,74,Facebook,https://www.facebook.com/dailycallout/posts/2481500292118006
The Daily Veteran,2674,Tue Oct 08 2019 17:41:31 GMT+0000,74,Facebook,https://www.facebook.com/thedailyveteran/posts/2316601115129494
Donald Trump sending Hillary to prison 2020,25347,Tue Oct 15 2019 01:39:27 GMT+0000,73,Facebook,https://www.facebook.com/trumpsendinghillarytoprison/posts/994250444250464
Trump Hat 2020,1690,Mon Oct 07 2019 22:10:47 GMT+0000,73,Facebook,https://www.facebook.com/TrumpHat2020/posts/384216712466768
Republican Party of Bexar County,5032,Fri Oct 11 2019 11:22:10 GMT+0000,72,Facebook,https://www.facebook.com/bexargop/posts/2871659289530184
Tea Party Tribune,64271,Thu Oct 10 2019 21:33:57 GMT+0000,72,Facebook,https://www.facebook.com/teapartytribune/posts/2425310847504345
Trump TV,7365,Thu Oct 10 2019 11:33:02 GMT+0000,72,Facebook,https://www.facebook.com/trumptvofficial/posts/2114751712152901
Conservative Constitutionalists,5352,Fri Oct 11 2019 01:27:07 GMT+0000,71,Facebook,https://www.facebook.com/362764490431549/posts/3183790268328943
Women for President Trump,3338,Mon Oct 14 2019 19:46:28 GMT+0000,71,Facebook,https://www.facebook.com/PoliticalGroups/posts/2320232288102840
Donald Trump Politically Incorrect and we love it,24261,Thu Oct 10 2019 15:48:16 GMT+0000,70,Facebook,https://www.facebook.com/135454467259357/posts/552466108891522
Deplorables United for Trump,26997,Fri Oct 11 2019 15:08:08 GMT+0000,70,Facebook,https://www.facebook.com/DeplorablesUnitedforTrump/posts/2409862682569760
Populist Wire,63831,Thu Oct 10 2019 12:44:18 GMT+0000,70,Facebook,https://www.facebook.com/PopulistWire/posts/934114660301306
The Liberty Pledge 2.0,39337,Thu Oct 10 2019 22:22:50 GMT+0000,70,Facebook,https://www.facebook.com/1000MileMarch/posts/1425910047573105
Utah for Donald Trump,6226,Thu Oct 10 2019 12:08:17 GMT+0000,70,Facebook,https://www.facebook.com/UtahForDonaldTrump/posts/2213540892279158
Adorable Deplorables for Trump,24230,Mon Oct 14 2019 21:30:36 GMT+0000,69,Facebook,https://www.facebook.com/AdorableDeplorablesforPresidentTrump/posts/2318473481585328
The Virginia Flaggers,109670,Fri Oct 11 2019 01:04:46 GMT+0000,69,Facebook,https://www.facebook.com/378823865585630/posts/1680738805394123
Trump  Amen Time To Win,7558,Sat Oct 12 2019 03:35:07 GMT+0000,69,Facebook,https://www.facebook.com/Trumpamen/posts/2342796719317888
Politics Elections,105662,Tue Oct 15 2019 21:33:13 GMT+0000,68,Facebook,https://www.facebook.com/politicselectionsusa/posts/2642933285772640
Glory of America,30425,Thu Oct 10 2019 02:38:50 GMT+0000,68,Facebook,https://www.facebook.com/gloryofamerica/posts/947562785613982
Patriotic Moms,7947,Sat Oct 12 2019 22:00:56 GMT+0000,68,Facebook,https://www.facebook.com/PatrioticMoms/posts/2898912313454913
Republicans For Trump,24915,Fri Oct 11 2019 04:43:47 GMT+0000,68,Facebook,https://www.facebook.com/1229531847062410/posts/3014059358609641
The Trump Card,6517,Wed Oct 16 2019 18:41:38 GMT+0000,68,Facebook,https://www.facebook.com/trumppatriot/posts/980613252279811
Trump Accomplishments,20998,Fri Oct 11 2019 18:28:30 GMT+0000,65,Facebook,https://www.facebook.com/PresidentTrumpsAccomplishments/posts/485371242191284
Donald Trump for President - Martin County Florida,184651,Thu Oct 10 2019 21:40:44 GMT+0000,65,Facebook,https://www.facebook.com/1038122429542684/posts/2542993495722229
Trump God and Guns,7288,Wed Oct 09 2019 00:17:41 GMT+0000,64,Facebook,https://www.facebook.com/2024192924530146/posts/2415539662062135
We the People,251413,Thu Oct 10 2019 01:44:35 GMT+0000,63,Facebook,https://www.facebook.com/tjf2006/posts/2316556888453764
Good Times with Trump 2016-2024,160745,Wed Oct 16 2019 16:10:56 GMT+0000,63,Facebook,https://www.facebook.com/GoodTimeswithTrump2024/posts/1197903950419477
Californians for TRUMP,24680,Fri Oct 11 2019 03:59:30 GMT+0000,63,Facebook,https://www.facebook.com/CA4Trump/posts/2483245165077225
Trump Hat 2020,1701,Fri Oct 11 2019 22:36:19 GMT+0000,63,Facebook,https://www.facebook.com/TrumpHat2020/posts/386863608868745
TRUMP PARTY,2641,Tue Oct 08 2019 15:56:14 GMT+0000,62,Facebook,https://www.facebook.com/TRUMPLOVESAMERICA/posts/2541016606184923
Patriot Mobile,120315,Tue Oct 15 2019 19:52:45 GMT+0000,61,Facebook,https://www.facebook.com/PatriotMobileUSA/posts/1691178624347816
Donald Trump Politically Incorrect and we love it,24305,Mon Oct 14 2019 19:21:23 GMT+0000,60,Facebook,https://www.facebook.com/135454467259357/posts/555596108578522
Trump God and Guns,7365,Tue Oct 15 2019 03:16:48 GMT+0000,58,Facebook,https://www.facebook.com/2024192924530146/posts/2420767271539374
Team Trump 2020,22609,Mon Oct 07 2019 22:15:56 GMT+0000,57,Facebook,https://www.facebook.com/TeamTrump2020US/posts/2737372086283616
Legal Immigrants for America,1429,Tue Oct 08 2019 17:31:31 GMT+0000,57,Facebook,https://www.facebook.com/4golifa/posts/2480903141996734
The Trump Card,6367,Wed Oct 09 2019 22:40:09 GMT+0000,57,Facebook,https://www.facebook.com/trumppatriot/posts/974988449508958
Trump Daily Tweets,24997,Thu Oct 10 2019 19:12:04 GMT+0000,56,Facebook,https://www.facebook.com/436730840014013/posts/961012384252520
STAND WITH TRUMP,49700,Tue Oct 15 2019 16:46:28 GMT+0000,55,Facebook,https://www.facebook.com/Deplorable4Trump/posts/1090877941117257
Californians Making America Great Again,5265,Thu Oct 10 2019 02:53:49 GMT+0000,55,Facebook,https://www.facebook.com/CA4MAGA/posts/696234640899125
Club 45 USA,4834,Thu Oct 10 2019 12:43:01 GMT+0000,55,Facebook,https://www.facebook.com/Club45USA/posts/2095417967432222
Douglas County Republicans,6397,Fri Oct 11 2019 01:58:21 GMT+0000,55,Facebook,https://www.facebook.com/dcgop/posts/10156706996710415
Trump God and Guns,7306,Thu Oct 10 2019 22:30:49 GMT+0000,55,Facebook,https://www.facebook.com/2024192924530146/posts/2417142415235193
Keep America Great,2560,Thu Oct 10 2019 13:10:10 GMT+0000,55,Facebook,https://www.facebook.com/KeepAmericaWinning/posts/2465916846972987
"Trump ""The People's President""",82144,Thu Oct 10 2019 12:04:29 GMT+0000,54,Facebook,https://www.facebook.com/618144551661943/posts/1587701778039544
Club 45 USA,4882,Wed Oct 16 2019 12:29:27 GMT+0000,54,Facebook,https://www.facebook.com/Club45USA/posts/2100001870307165
Ohio Citizens For Trump,4413,Wed Oct 16 2019 16:55:30 GMT+0000,53,Facebook,https://www.facebook.com/OhioCitizensForTrump/posts/541773939987549
Team Trump 2020,22630,Tue Oct 08 2019 17:42:40 GMT+0000,52,Facebook,https://www.facebook.com/TeamTrump2020US/posts/2738990372788454
Trump TV,7365,Wed Oct 09 2019 21:47:07 GMT+0000,51,Facebook,https://www.facebook.com/trumptvofficial/posts/2114365775524828
We Support Minnesota Mining,3446,Wed Oct 09 2019 14:21:38 GMT+0000,50,Facebook,https://www.facebook.com/wesupportmining/posts/1671922026277111
Ventura County Republican Party,2774,Sat Oct 12 2019 19:00:39 GMT+0000,50,Facebook,https://www.facebook.com/VenturaGOP/posts/10158079599499947
Let's Thank Trump,18081,Fri Oct 11 2019 02:45:03 GMT+0000,50,Facebook,https://www.facebook.com/letsthanktrump/posts/2403964889861577
Tea Party Allies,3971,Wed Oct 09 2019 22:19:57 GMT+0000,50,Facebook,https://www.facebook.com/teapartyallies/posts/3244634712243445
FED UP American,133560,Thu Oct 17 2019 00:28:51 GMT+0000,49,Facebook,https://www.facebook.com/TickedOffAmericans/posts/1710824409077893
Republican Party of Bexar County,5027,Wed Oct 09 2019 01:54:13 GMT+0000,49,Facebook,https://www.facebook.com/bexargop/posts/2866751383354308
Trump God and Guns,7244,Mon Oct 07 2019 23:32:50 GMT+0000,49,Facebook,https://www.facebook.com/2024192924530146/posts/2414682375481197
Nationwide Support For Donald J Trump,31259,Thu Oct 10 2019 17:01:28 GMT+0000,48,Facebook,https://www.facebook.com/564747513888167/posts/940014326361482
QCN,148420,Fri Oct 11 2019 22:40:34 GMT+0000,48,Facebook,https://www.facebook.com/QuotidianConservativeNews/posts/2692411270815461
The Deplorables,25017,Thu Oct 10 2019 17:16:25 GMT+0000,47,Facebook,https://www.facebook.com/theDeplorablesNow/posts/2607904889433342
Trump TV,7375,Thu Oct 17 2019 13:14:46 GMT+0000,47,Facebook,https://www.facebook.com/trumptvofficial/posts/2120103758284363
Utah for Donald Trump,6227,Tue Oct 15 2019 00:05:01 GMT+0000,47,Facebook,https://www.facebook.com/UtahForDonaldTrump/posts/2217239435242637
Americans for Donald J. Trump,5898,Tue Oct 15 2019 15:09:09 GMT+0000,45,Facebook,https://www.facebook.com/2108348922814584/posts/2385810028401804
Convention of States Montana,5144,Thu Oct 10 2019 04:15:54 GMT+0000,45,Facebook,https://www.facebook.com/COSProjectMT/posts/1378046572343191
DDS USA,6553,Sun Oct 13 2019 22:21:19 GMT+0000,44,Facebook,https://www.facebook.com/DdsUSAOfficial/posts/2375332886023898
"Trump Mania  ""Make America Great Again""",15317,Tue Oct 08 2019 17:14:07 GMT+0000,44,Facebook,https://www.facebook.com/1504222863229311/posts/2428647214120200
"Trump ""The People's President""",82112,Tue Oct 15 2019 14:45:08 GMT+0000,43,Facebook,https://www.facebook.com/618144551661943/posts/1592711834205205
Trump  Amen Time To Win,7548,Fri Oct 11 2019 16:11:05 GMT+0000,43,Facebook,https://www.facebook.com/Trumpamen/posts/2342418166022410
Oregon For President Donald Trump,6200,Thu Oct 10 2019 20:50:50 GMT+0000,43,Facebook,https://www.facebook.com/Oregon4Trump/posts/915392468843224
Light Up Trump's Christmas Caboose,124145,Tue Oct 15 2019 16:47:46 GMT+0000,42,Facebook,https://www.facebook.com/1000917043293023/posts/2715498845168159
Trump God and Guns,7306,Thu Oct 10 2019 22:29:58 GMT+0000,42,Facebook,https://www.facebook.com/2024192924530146/posts/2417142005235234
Wyoming Pride & Patriots,21145,Fri Oct 11 2019 01:49:05 GMT+0000,41,Facebook,https://www.facebook.com/WyomingPrideAmericanPatriots/posts/2521704331269928
"Trump ""The People's President""",82147,Wed Oct 09 2019 17:45:39 GMT+0000,41,Facebook,https://www.facebook.com/618144551661943/posts/1587033654773023
Team Trump 2020,22649,Wed Oct 09 2019 02:26:23 GMT+0000,41,Facebook,https://www.facebook.com/TeamTrump2020US/posts/2739702609383897
Team Trump 2020,22926,Mon Oct 14 2019 21:17:50 GMT+0000,41,Facebook,https://www.facebook.com/TeamTrump2020US/posts/2752542788099879
Californians Making America Great Again,5265,Tue Oct 15 2019 03:02:00 GMT+0000,41,Facebook,https://www.facebook.com/CA4MAGA/posts/700068947182361
Adrian Perez Diaz,18252,Fri Oct 11 2019 01:06:04 GMT+0000,40,Facebook,https://www.facebook.com/lavozdelpueblodeCuba/posts/704592843388329
"Trump ""The People's President""",82150,Tue Oct 08 2019 13:48:23 GMT+0000,40,Facebook,https://www.facebook.com/618144551661943/posts/1585940851548970
The Trump Train,13499,Mon Oct 14 2019 20:38:50 GMT+0000,40,Facebook,https://www.facebook.com/TheTrumpTrainExpress/posts/2467612016607286
Washington State for Donald Trump 2020,179942,Thu Oct 10 2019 12:34:46 GMT+0000,40,Facebook,https://www.facebook.com/WAStateforDonaldTrump2020/posts/2594299477295014
Trump God and Guns,7367,Thu Oct 17 2019 02:59:00 GMT+0000,40,Facebook,https://www.facebook.com/2024192924530146/posts/2422507534698681
Tom and Sadie,1911,Thu Oct 10 2019 13:09:26 GMT+0000,39,Facebook,https://www.facebook.com/tomandsadie/posts/2482660991811648
Trump is awesome,9026,Wed Oct 16 2019 22:21:34 GMT+0000,39,Facebook,https://www.facebook.com/AwesomeDonaldTrump/posts/763133257468023
The Trump Train,13424,Fri Oct 11 2019 20:52:53 GMT+0000,39,Facebook,https://www.facebook.com/TheTrumpTrainExpress/posts/2461533363881818
"Trump ""The People's President""",82112,Tue Oct 15 2019 12:43:03 GMT+0000,38,Facebook,https://www.facebook.com/618144551661943/posts/1592616977548024
A voice for children,30282,Wed Oct 09 2019 18:35:27 GMT+0000,38,Facebook,https://www.facebook.com/445605908892811/posts/2440765089376873
Legal immigrants for Trump 2020 #KAG,18992,Fri Oct 11 2019 03:10:11 GMT+0000,38,Facebook,https://www.facebook.com/1603398536343459/posts/2980496345300331
ChairmanSizer,106651,Fri Oct 11 2019 03:14:25 GMT+0000,37,Facebook,https://www.facebook.com/ChairmanSizer/posts/2496466763764443
Make America Greater,4299,Thu Oct 10 2019 21:37:13 GMT+0000,37,Facebook,https://www.facebook.com/1600840463266204/posts/3056859610997608
North Carolina For Donald Trump,66909,Sat Oct 12 2019 00:43:38 GMT+0000,36,Facebook,https://www.facebook.com/ncfortrump/posts/2166927296932958
Latinos for Trump,11028,Thu Oct 17 2019 14:13:20 GMT+0000,36,Facebook,https://www.facebook.com/LatinosForTrump/posts/692880574557261
"Trump Mania  ""Make America Great Again""",15317,Tue Oct 08 2019 15:22:59 GMT+0000,36,Facebook,https://www.facebook.com/1504222863229311/posts/2428558874129034
A voice for children,30375,Thu Oct 10 2019 01:44:51 GMT+0000,35,Facebook,https://www.facebook.com/445605908892811/posts/2441288782657837
Populist Wire,63846,Mon Oct 14 2019 15:30:32 GMT+0000,35,Facebook,https://www.facebook.com/PopulistWire/posts/937323116647127
"Trump ""The People's President""",82144,Thu Oct 10 2019 11:58:06 GMT+0000,34,Facebook,https://www.facebook.com/618144551661943/posts/1587696691373386
QCN,148428,Thu Oct 10 2019 08:35:12 GMT+0000,34,Facebook,https://www.facebook.com/QuotidianConservativeNews/posts/2689157364474185
Donald Trump Republic 2016,69719,Wed Oct 16 2019 16:11:01 GMT+0000,34,Facebook,https://www.facebook.com/DonaldTrumpRepublic/posts/2396976343859709
Trump Accomplishments,21015,Sun Oct 13 2019 05:34:08 GMT+0000,34,Facebook,https://www.facebook.com/PresidentTrumpsAccomplishments/posts/486329622095446
Southern State of Mind,103974,Tue Oct 08 2019 13:29:08 GMT+0000,33,Facebook,https://www.facebook.com/ASouthernStateofMind/posts/2428819287233474
Make America GREAT AGAIN with Trump,18848,Mon Oct 14 2019 22:46:28 GMT+0000,33,Facebook,https://www.facebook.com/DTrumpSavesAmerica/posts/2084017535032601
Wake Up America II  the Original,29315,Wed Oct 16 2019 16:35:47 GMT+0000,32,Facebook,https://www.facebook.com/wakeupamericaiitheoriginal/posts/2451220164915316
The People's Party,24653,Wed Oct 09 2019 18:35:34 GMT+0000,32,Facebook,https://www.facebook.com/742127702474044/posts/2653659834654145
Republicans For Trump,24957,Mon Oct 14 2019 19:34:18 GMT+0000,32,Facebook,https://www.facebook.com/1229531847062410/posts/3022316797783897
Trump Accomplishments,21022,Mon Oct 14 2019 19:51:12 GMT+0000,32,Facebook,https://www.facebook.com/PresidentTrumpsAccomplishments/posts/487426098652465
American Conservative Veterans,53291,Fri Oct 11 2019 13:36:39 GMT+0000,31,Facebook,https://www.facebook.com/americanconservativeveterans2/posts/965939853763547
Trump News App,14545,Wed Oct 16 2019 22:04:33 GMT+0000,31,Facebook,https://www.facebook.com/TRUMPNEWS/posts/1428054587360166
Trump Accomplishments,20987,Wed Oct 09 2019 21:36:00 GMT+0000,30,Facebook,https://www.facebook.com/PresidentTrumpsAccomplishments/posts/484178805643861
Trump Accomplishments,20977,Tue Oct 08 2019 23:00:00 GMT+0000,30,Facebook,https://www.facebook.com/PresidentTrumpsAccomplishments/posts/483597682368640
TRUMP - POTUS 45,13295,Thu Oct 10 2019 22:31:08 GMT+0000,30,Facebook,https://www.facebook.com/trumppotus45/posts/905038566544969
Light Up Trump's Christmas Caboose,124172,Fri Oct 11 2019 17:01:56 GMT+0000,29,Facebook,https://www.facebook.com/1000917043293023/posts/2706896569361720
Trump Accomplishments,21022,Mon Oct 14 2019 19:09:10 GMT+0000,29,Facebook,https://www.facebook.com/PresidentTrumpsAccomplishments/posts/487407148654360
The College Republicans at Grand Valley,896,Wed Oct 09 2019 17:01:22 GMT+0000,29,Facebook,https://www.facebook.com/gvsugop/posts/3073810622645402
Make America Great Again,165879,Tue Oct 08 2019 17:04:39 GMT+0000,28,Facebook,https://www.facebook.com/DJTMAGA/posts/2439160692799860
Americans for Donald Trump,12756,Tue Oct 15 2019 15:09:03 GMT+0000,28,Facebook,https://www.facebook.com/AfDT2020/posts/1285360354958369
President Trump Headlines,10944,Tue Oct 15 2019 07:34:45 GMT+0000,28,Facebook,https://www.facebook.com/1887686451446410/posts/2445652168983166
Armed Forces Tea Party,58220,Wed Oct 16 2019 23:16:52 GMT+0000,27,Facebook,https://www.facebook.com/ArmedForcesTeaParty/posts/2574396902604271
KSGF,5053,Fri Oct 11 2019 00:54:19 GMT+0000,27,Facebook,https://www.facebook.com/1041KSGF/posts/2632080013480104
Vote Blue 2020,4960,Mon Oct 14 2019 15:37:06 GMT+0000,27,Facebook,https://www.facebook.com/RealVoteBlue/posts/2693865227301382
In Trump We Trust,22534,Wed Oct 16 2019 16:42:01 GMT+0000,26,Facebook,https://www.facebook.com/InTrumpWeTrust1/posts/725181127893372
Light Up Trump's Christmas Caboose,124178,Thu Oct 10 2019 23:17:37 GMT+0000,25,Facebook,https://www.facebook.com/1000917043293023/posts/2705402129511164
Keep America Great,10807,Fri Oct 11 2019 00:50:05 GMT+0000,25,Facebook,https://www.facebook.com/LetsKeepAmericaGreat/posts/3082041371868192
Trump Pence 2020,56593,Thu Oct 17 2019 19:11:50 GMT+0000,25,Facebook,https://www.facebook.com/TrumpPenceforAmerica/posts/2857371240941031
The Right View Of The United States,18313,Tue Oct 08 2019 15:04:20 GMT+0000,24,Facebook,https://www.facebook.com/TheRightViewOfTheUnitedStates/posts/408180996779900
"Trump ""The People's President""",82102,Thu Oct 17 2019 13:35:29 GMT+0000,23,Facebook,https://www.facebook.com/618144551661943/posts/1594686064007782
Washington State for Donald Trump 2020,179921,Wed Oct 16 2019 23:34:51 GMT+0000,22,Facebook,https://www.facebook.com/WAStateforDonaldTrump2020/posts/2610073015717660
Trump News App,14542,Mon Oct 14 2019 16:58:57 GMT+0000,22,Facebook,https://www.facebook.com/TRUMPNEWS/posts/1426006307564994
Kremlin-a-lago,21772,Fri Oct 11 2019 16:31:23 GMT+0000,22,Facebook,https://www.facebook.com/KremlinaLago/posts/522856798260663
Donald Trump for President - Martin County Florida,184581,Wed Oct 16 2019 21:37:31 GMT+0000,21,Facebook,https://www.facebook.com/1038122429542684/posts/2555286764492902
Washington State for Donald Trump 2020,179923,Thu Oct 17 2019 20:40:43 GMT+0000,21,Facebook,https://www.facebook.com/WAStateforDonaldTrump2020/posts/2612051775519784
Uncle Sam's American Patriots,59762,Tue Oct 15 2019 23:17:21 GMT+0000,20,Facebook,https://www.facebook.com/unclesamsamericanpatriots/posts/792999111159788
"Trump ""The People's President""",82150,Tue Oct 08 2019 22:49:04 GMT+0000,20,Facebook,https://www.facebook.com/618144551661943/posts/1586306001512455
Aktuelle politische Tagesereignisse rund um QAnon und die NWO,2662,Tue Oct 08 2019 21:51:55 GMT+0000,20,Facebook,https://www.facebook.com/NWORecherche/posts/2639587116104698
United Militia,27457,Wed Oct 09 2019 20:54:48 GMT+0000,20,Facebook,https://www.facebook.com/THEUNITEDMILITIA/posts/2759580020727711
The Trump Train,13397,Wed Oct 09 2019 16:06:16 GMT+0000,20,Facebook,https://www.facebook.com/TheTrumpTrainExpress/posts/2457361030965718
Beqa Vardosanidze • ბექა ვარდოსანიძე,17001,Fri Oct 11 2019 18:37:05 GMT+0000,19,Facebook,https://www.facebook.com/beqavardosanidzeofficial/posts/772276686519489
Light Up Trump's Christmas Caboose,124172,Fri Oct 11 2019 16:58:00 GMT+0000,19,Facebook,https://www.facebook.com/1000917043293023/posts/2706889389362438
The Truck Driver Guy,294415,Thu Oct 17 2019 01:35:31 GMT+0000,17,Facebook,https://www.facebook.com/TheTruckDriverGuy/posts/2383943241843607
Females for TRUMP,228304,Tue Oct 15 2019 21:28:57 GMT+0000,17,Facebook,https://www.facebook.com/femalesfortrump/posts/1166307713560414
Minutemen of TN,7047,Thu Oct 10 2019 10:59:58 GMT+0000,17,Facebook,https://www.facebook.com/105181626180090/posts/2699518836746343
"Trump ""The People's President""",82102,Thu Oct 17 2019 13:34:54 GMT+0000,17,Facebook,https://www.facebook.com/618144551661943/posts/1594685447341177
The People's Party,24714,Thu Oct 10 2019 01:44:42 GMT+0000,16,Facebook,https://www.facebook.com/742127702474044/posts/2654185007934961
Nordpresse,104199,Wed Oct 16 2019 21:53:17 GMT+0000,15,Facebook,https://www.facebook.com/nordpressed/posts/412035626146868
The Truck Driver Guy,294415,Thu Oct 17 2019 01:37:05 GMT+0000,15,Facebook,https://www.facebook.com/TheTruckDriverGuy/posts/2383944125176852
Washington State for Donald Trump 2020,179921,Wed Oct 16 2019 21:55:57 GMT+0000,15,Facebook,https://www.facebook.com/WAStateforDonaldTrump2020/posts/2609946449063650
Eritrean Document EPLF,9435,Fri Oct 11 2019 03:54:21 GMT+0000,14,Facebook,https://www.facebook.com/wedySewura/posts/2555429948013511
Light Up Trump's Christmas Caboose,124178,Thu Oct 10 2019 23:11:17 GMT+0000,14,Facebook,https://www.facebook.com/1000917043293023/posts/2705394079511969
Donald Trump for President - Martin County Florida,184559,Thu Oct 17 2019 12:09:25 GMT+0000,14,Facebook,https://www.facebook.com/1038122429542684/posts/2556452707709641
Trumpified News,28488,Mon Oct 07 2019 22:41:20 GMT+0000,14,Facebook,https://www.facebook.com/trumpifiednews/posts/3061738167233756
Survival Nation,120340,Thu Oct 17 2019 19:00:40 GMT+0000,14,Facebook,https://www.facebook.com/SurvivalNat/posts/1193637227486974
Wake Up America  the Original,497306,Mon Oct 14 2019 21:09:49 GMT+0000,14,Facebook,https://www.facebook.com/wakeupamericatheoriginal/posts/1217298741789709
Light Up Trump's Christmas Caboose,124145,Tue Oct 15 2019 16:55:36 GMT+0000,13,Facebook,https://www.facebook.com/1000917043293023/posts/2715512148500162
Uncle Sam's American Patriots,59762,Tue Oct 15 2019 23:11:50 GMT+0000,12,Facebook,https://www.facebook.com/unclesamsamericanpatriots/posts/792995327826833
Patriot Outdoor News,233456,Thu Oct 17 2019 19:00:03 GMT+0000,9,Facebook,https://www.facebook.com/greatamericanoutdoors/posts/2529708763779826
"Trump ""The People's President""",82112,Tue Oct 15 2019 12:40:44 GMT+0000,9,Facebook,https://www.facebook.com/618144551661943/posts/1592615297548192
Qanon NC,7731,Tue Oct 08 2019 04:45:52 GMT+0000,8,Facebook,https://www.facebook.com/QanonTheGreatAwakening/posts/541441509949508
The Crippled Crusader Uncensored,184439,Mon Oct 14 2019 21:09:23 GMT+0000,7,Facebook,https://www.facebook.com/thecrippledcrusaderuncensored/posts/2429061643998296
Light Up Trump's Christmas Caboose,124145,Tue Oct 15 2019 16:46:51 GMT+0000,6,Facebook,https://www.facebook.com/1000917043293023/posts/2715497048501672
House  Of Insanity,94978,Thu Oct 10 2019 18:05:04 GMT+0000,4,Facebook,https://www.facebook.com/RealHouseOfInsanity/posts/2551189364937718
Donald Trump for President 2020 Supporters,50288,Mon Oct 14 2019 02:20:43 GMT+0000,3,Facebook,https://www.facebook.com/DJT45Supporters/posts/2337090123209909
La Voz De BMT Texas,14911,Fri Oct 11 2019 15:34:22 GMT+0000,0,Facebook,https://www.facebook.com/220865664603280/posts/2648539421835880
